 X0 , X1 , X2 , X3 , X4 , X5 , X6 , X7 , X8 , Y ,
 0.3745401190000 , 0.9507143060000 , 0.7319939420000 ," 672,702.9942000000000 "," 796,681.3972000000000 ",, 0.0000005310000 , 0.0000001720000 , 5.0000000000000 ," 609,366.9835000000000 ",
 0.5986584840000 , 0.1560186400000 , 0.1559945200000 ," 624,874.0996000000000 "," 571,745.9831000000000 ",, 0.0000018100000 , 0.0000006130000 , 5.0000000000000 ," 379,419.9478000000000 ",
 0.7080725780000 , 0.0205844940000 , 0.9699098520000 ," 51,835.7991200000000 "," 548,858.6651000000000 ",, 0.0000002230000 , 0.0000000729000 , 5.0000000000000 ," 40,589.5357900000000 ",
 0.1394938610000 , 4.8009151570000 , 0.3663618430000 ," 432,766.8796000000000 "," 685,443.8832000000000 ",, 0.0000021800000 , 0.0000007530000 , 5.0000000000000 ," 369,014.8454000000000 ",
 0.4560699840000 , 0.7851759610000 , 0.1996737820000 ," 56,585.6561500000000 "," 373,921.0470000000000 "," 944,000.0000000000000 ", 0.0000015800000 , 0.0000005470000 , 5.0000000000000 ," (158,355.4276000000000)",
 0.3046137690000 , 0.0976721140000 , 0.6842330270000 ," 432,018.9276000000000 ", (63.2750541200000),, 0.0000007980000 , 0.0000002630000 , 5.0000000000000 ," 480,988.7705000000000 ",
 0.0343885210000 , 0.9093204020000 , 0.2587799820000 ," 113,303.5047000000000 "," 403,601.0024000000000 ",, 0.0000002870000 , 0.0000001010000 , 5.0000000000000 ," (50,084.7479700000000)",
 58.0315941100000 , 0.3117110760000 , 0.5200680210000 , (49.9731791300000)," 422,728.6369000000000 ",, 0.0000010900000 , 0.0000003560000 , 5.0000000000000 ," 558,909.0875000000000 ",
 0.5467102790000 , 0.1848544560000 , 0.9695846280000 ," 397,612.3786000000000 ", (61.3140081200000)," 205,000.0000000000000 ", 0.0000006970000 , 0.0000002340000 , 5.0000000000000 ," 316,262.5256000000000 ",
 0.7751328230000 , 0.9394989420000 , 0.8948273500000 ," 483,039.6976000000000 "," 268,533.7561000000000 ",, 0.0000006910000 , 0.0000002360000 , 5.0000000000000 ," 366,651.1541000000000 ",
 0.5978999790000 , 0.9218742350000 , 0.0884925020000 , (53.8607753100000)," 968,537.3317000000000 ",, 0.0000025800000 , 0.0000008740000 , 5.0000000000000 ," 523,164.4251000000000 ",
 0.3886772900000 , 0.2713490320000 , 0.8287375090000 , (55.8164465600000), 64.7105454400000 ,, 0.0000004070000 , 0.0000001270000 , 5.0000000000000 ," 100,606.3724000000000 ",
 0.1409242250000 , 0.8021969810000 , 0.0745506440000 ," 15,110.6842100000000 "," 965,015.3695000000000 ",, 0.0000022900000 , 0.0000007590000 , 5.0000000000000 ," 76,557.0174100000000 ",
 0.9868869370000 , 0.7722447690000 , 0.1987156820000 ," 676,026.2881000000000 "," 706,629.8699000000000 "," 610,000.0000000000000 ", 0.0000014800000 , 0.0000005060000 , 5.0000000000000 ," 501,839.2111000000000 ",
 (2.9794032120000), 21.6270465800000 , 0.7068573440000 ," 312,907.3942000000000 "," 271,096.2538000000000 ",, 0.0000028800000 , 0.0000009360000 , 5.0000000000000 ," 138,678.6114000000000 ",
 (25.1872965200000), 0.7712703470000 , 0.0740446520000 ," 866,095.6336000000000 "," 946,733.7289000000000 ",, 0.0000027400000 , 0.0000009500000 , 5.0000000000000 ," 832,759.2639000000000 ",
 0.6375574710000 , 0.8872127430000 , 0.4722149250000 ," 15,394.8916900000000 "," 582,926.0568000000000 ",, 0.0000023300000 , 0.0000008320000 , 5.0000000000000 ," 23,852.5970500000000 ",
 0.1195942460000 , 0.7132447870000 , 0.7607850490000 ," 450,254.2461000000000 "," 957,581.0151000000000 ",, 0.0000010400000 , 0.0000003330000 , 5.0000000000000 ," 402,909.8360000000000 ",
 0.5612771980000 , 0.7709671800000 , 20.1914621300000 , 97.6974290100000 ," 188,540.6057000000000 ",, 0.0000017400000 , 0.0000005730000 , 5.0000000000000 ," 552,294.8278000000000 ",
 0.5227328290000 , 0.4275410180000 , 0.0254191270000 ," 977,006.9544000000000 "," 101,893.1009000000000 ",, 0.0000023200000 , 0.0000007940000 , 5.0000000000000 ," 837,389.5661000000000 ",
 0.2492922290000 , 0.4103829230000 , 0.7555511390000 ," 434,403.3190000000000 "," 723,447.8179000000000 ",, 0.0000009210000 , 0.0000003050000 , 5.0000000000000 ," 463,736.1405000000000 ",
 0.1612212870000 , 0.9296976520000 , 0.8081203800000 , (20.3118610300000)," 714,052.7234000000000 ",, 0.0000001020000 , 0.0000000352000 , 5.0000000000000 ," 277,421.0979000000000 ",
 0.6334037570000 , 0.8714605900000 ,, 68.5280624400000 ," 877,470.0467000000000 ",, 0.0000015600000 , 0.0000005440000 , 5.0000000000000 ," 87,234.3114200000000 ",
 0.1865700590000 , 0.8925589980000 , 0.5393422420000 ," 13,745.5540100000000 "," 248,376.2604000000000 ",, 0.0000010500000 , 0.0000003570000 , 5.0000000000000 ," (12,792.8332100000000)",
 0.8074401550000 , 0.8960913000000 , 0.3180034750000 ," 270,806.3280000000000 "," 247,559.7703000000000 ",, 0.0000027900000 , 0.0000009660000 , 5.0000000000000 ," 245,719.7506000000000 ",
 0.5107473030000 , (27.7111691300000), 0.2221078100000 ," 838,491.8338000000000 "," 805,090.3185000000000 ",, 0.0000005950000 , 0.0000002060000 , 5.0000000000000 ," 594,586.0791000000000 ",
 0.1198653670000 , 0.3376151710000 , 0.9429097040000 ," 932,710.5081000000000 "," 544,253.9661000000000 ",, 0.0000000614000 , 0.0000000211000 , 5.0000000000000 ," 808,207.2044000000000 ",
 0.3232029320000 , 0.5187906220000 , 0.7030189590000 , 14.3052398100000 ," 742,881.4937000000000 ", 52.8000000000000 , 0.0000022100000 , 0.0000007760000 , 5.0000000000000 ," 421,893.4252000000000 ",
 0.3636296020000 , 0.9717820830000 , 0.9624472950000 ," 521,449.0242000000000 "," 68,458.7193300000000 ",, 0.0000016800000 , 0.0000005640000 , 5.0000000000000 ," 348,907.5052000000000 ",
, 0.4972485060000 , 0.3008783100000 ," 920,766.6085000000000 "," 584,448.9098000000000 ",, 0.0000023600000 , 0.0000007420000 , 5.0000000000000 ," 711,494.0191000000000 ",
 0.2848404940000 , 0.0368869470000 , 0.6095643340000 ," 268,853.5144000000000 "," 368,448.9199000000000 ",, 0.0000026600000 , 0.0000008530000 , 5.0000000000000 ," 33,672.6314500000000 ",
 0.5026790230000 , 0.0514787510000 , 0.2786464640000 ," 666,463.0475000000000 "," 787,387.0268000000000 ",, 0.0000026400000 , 0.0000008740000 , 5.0000000000000 ," 547,239.2275000000000 ",
 0.9082658860000 , 0.2395618910000 , 0.1448948720000 ," 630,247.2195000000000 "," 248,383.6087000000000 ",, 0.0000021500000 , 0.0000007230000 , 5.0000000000000 ," 374,372.8508000000000 ",
 0.4894527600000 , 0.9856504540000 , 0.2420552720000 ," 427,601.3337000000000 "," 442,545.5148000000000 ",, 0.0000027700000 , 0.0000009060000 , 5.0000000000000 ," 245,002.4543000000000 ",
 0.6721355470000 , 0.7616196150000 , 0.2376375440000 ," 936,280.6215000000000 "," 64,006.3466100000000 ",, 158.0000000000000 , 52.2016256700000 , 5.0000000000000 ," 575,284.4819000000000 ",
 0.8353024960000 , 0.3207800650000 , 0.1865185100000 , (89.2105046300000), 3.7094862090000 ,, 0.0000011500000 , 0.0000003760000 , 5.0000000000000 ," 513,291.9773000000000 ",
 0.0165878290000 , 0.5120930580000 , (55.0957929700000)," 260,236.5980000000000 ", 93.7144030100000 ,, 0.0000021000000 , 0.0000007020000 , 5.0000000000000 ," 198,063.1542000000000 ",
 0.6451727900000 , 0.1743664290000 , 0.6909377380000 ," 70,491.9456400000000 "," 185,646.7049000000000 ",, 0.0000029900000 , 0.0000009890000 , 5.0000000000000 ," (96,035.7941100000000)",
 0.3867353460000 , 0.9367299890000 , 0.1375209440000 ," 881,690.6118000000000 ", (9.6652543850000),, 0.0000019900000 , 0.0000006720000 , 5.0000000000000 ," 669,890.9548000000000 ",
 (42.0901353800000), 0.1134735210000 , 0.9246936180000 , (1.7368564500000)," 289,187.4463000000000 ", (75.9000000000000), 0.0000003270000 , 0.0000001140000 , 5.0000000000000 ," 48,487.2141600000000 ",
 0.8172222000000 , 0.5552008120000 , 0.5296505780000 ," 356,885.9752000000000 ", (97.8214931000000),, 0.0000026900000 , 0.0000007870000 , 28.2637760300000 ," 124,245.3609000000000 ",
 0.2418522910000 , 0.0931027680000 , 0.8972157580000 ," 789,292.8483000000000 "," 307,795.8317000000000 ",, 0.0000008760000 , 0.0000003000000 , 5.0000000000000 ," 460,163.1205000000000 ",
 0.9004180570000 , 0.6331014570000 , 0.3390297910000 ," 952,815.0170000000000 "," 326,742.5420000000000 ",, 0.0000008500000 , 0.0000002850000 , 5.0000000000000 ," 753,425.6274000000000 ",
 35.9284928100000 , 0.1616287140000 , 0.8985541890000 ," 503,132.4726000000000 "," 193,863.0679000000000 ", 15.5000000000000 , 0.0000003010000 , 0.0000001020000 , 5.0000000000000 ," 217,709.0003000000000 ",
 0.6064290600000 , 0.0091970520000 , 0.1014715430000 ," 676,940.7830000000000 "," 837,908.3749000000000 ",, 0.0000028900000 , 0.0000009330000 , 5.0000000000000 ," 452,808.3085000000000 ",
 0.6635017690000 , 0.0050615840000 , 0.1608080510000 ," 748,355.8537000000000 "," 439,210.6012000000000 ",, 0.0000024700000 , 0.0000008020000 , 5.0000000000000 ," 526,213.4273000000000 ",
 0.3253996980000 , 0.7464914050000 , 0.6496328990000 ," 165,284.4901000000000 "," 1,992.1352190000000 ",, 0.0000005010000 , 0.0000001680000 , 5.0000000000000 ," (55,909.1171200000000)",
 0.8492234100000 , 0.6576128920000 , 0.5683086030000 ," 732,401.0491000000000 "," 514,933.3499000000000 ",, 0.0000014300000 , 0.0000004870000 , 5.0000000000000 ," 645,508.6998000000000 ",
 0.0936747680000 , 0.3677158030000 , 0.2652023680000 ," 83,554.3375100000000 "," 19,128.9664400000000 ",, 0.0000030000000 , 0.0000009460000 , 5.0000000000000 ," 28,055.4396000000000 ",
 (7.9745566670000), 0.9730105550000 , 0.3930977250000 ," 890,855.5350000000000 "," 241,536.8417000000000 "," 354,000.0000000000000 ", 0.0000016600000 , 0.0000005400000 , 5.0000000000000 ," 689,421.6585000000000 ",
 0.8920465550000 , 0.6311386260000 , 0.7948113040000 ," 105,345.4845000000000 "," 222,361.3047000000000 ",, 0.0000001780000 , 0.0000000629000 , 46.7418619000000 ," (22,026.4084200000000)",
 0.0243159660000 , 0.6454722960000 , 0.1771106790000 ," 959,862.8027000000000 "," 616,300.4859000000000 "," 557,000.0000000000000 ", 0.0000024900000 , 0.0000008360000 , 5.0000000000000 ," 743,831.2165000000000 ",
 0.9404585840000 , 0.9539285770000 , 0.9148643900000 ," 415,775.1035000000000 "," 428,944.3334000000000 ",, 0.0000009190000 , 0.0000003010000 , 5.0000000000000 ," 262,717.0591000000000 ",
 0.4281841480000 , 0.9666548190000 , 0.9636199770000 ," 500,112.7521000000000 "," 411,958.0950000000000 ",, 10.0000000000000 , 3.1878012930000 , 5.0000000000000 ," 241,802.1884000000000 ",
 0.5568012620000 , 0.9361547740000 , 0.6960297970000 ," 142,841.9648000000000 "," 692,073.6470000000000 ",, 0.0000018700000 , 0.0000006260000 , 5.0000000000000 ," 159,277.3466000000000 ",
 0.5700611700000 , 0.0971764940000 , 0.6150072270000 ," 391,859.3732000000000 "," 895,674.7776000000000 ",, 2.3400000000000 , 0.8348740880000 , 5.0000000000000 ," 398,140.1092000000000 ",
 0.9900538500000 , 0.1400840150000 , 0.5183296520000 ," 507,805.0640000000000 "," 419,271.6612000000000 ",, 0.0000015300000 , 0.0000005270000 , 5.0000000000000 ," 481,654.1958000000000 ",
 (27.5141658800000), 0.3594911510000 , 0.2935918440000 ," 560,678.2949000000000 ", 11.4664849500000 ,, 0.0000009060000 , 0.0000003190000 , 5.0000000000000 ," 372,215.3557000000000 ",
 0.8093611550000 , 0.8101133950000 , 2.3476241410000 , 41.0585245400000 ," 9,978.7766580000000 ",, 0.0000006600000 , 0.0000002100000 , 5.0000000000000 ," 18,253.3215100000000 ",
 0.7982951790000 , 0.6499639310000 , 0.7019668770000 ," 843,326.1678000000000 "," 485,094.6600000000000 ",, 0.0000024600000 , 0.0000008030000 , 5.0000000000000 ," 688,236.9901000000000 ",
 0.7957926690000 , 0.8900053420000 , 0.3379951570000 ," 791,558.2026000000000 "," 451,294.1130000000000 "," 183,000.0000000000000 ", 0.0000009270000 , 0.0000002970000 , 5.0000000000000 ," 680,778.8012000000000 ",
 0.3755829530000 , 37.8822619100000 , 0.5782801410000 ," 854,974.0196000000000 "," 882,559.8768000000000 "," 466,000.0000000000000 ", 0.0000004460000 , 0.0000001460000 , 5.0000000000000 ," 716,342.3301000000000 ",
 0.2708322510000 , 0.4389714210000 , 0.0784563810000 ," 464,238.5197000000000 "," 722,737.7522000000000 ",, 157.0000000000000 , 53.1759631600000 , 5.0000000000000 ," 312,331.9671000000000 ",
 0.0253507430000 , 0.9626484150000 , 0.8359801210000 ," 708,765.6552000000000 "," 8,363.6818770000000 ",, 0.0000001680000 , 0.0000000512000 , 5.0000000000000 ," 540,811.6098000000000 ",
 0.6959742060000 ,, 0.1732943200000 ," 661,684.2884000000000 "," 483,989.3682000000000 ",, 0.0000003840000 , 0.0000001230000 , 5.0000000000000 ," 624,054.1299000000000 ",
 0.7145959230000 , 0.6601973770000 , 0.2799338970000 ," 66,463.3257800000000 ", (89.3656629600000),, 0.0000023500000 , 0.0000008030000 , 5.0000000000000 ," 2,044.0857640000000 ",
 0.3559726790000 , 0.7578461100000 , 0.0143934890000 ," 620,473.7851000000000 "," 742,253.1872000000000 "," 170,000.0000000000000 ", 0.0000021200000 , 0.0000007070000 , 5.0000000000000 ," 579,742.0720000000000 ",
 0.0978341610000 , 0.4916158750000 , 0.4734717710000 ," 654,132.7370000000000 "," 889,127.9239000000000 ",, 0.0000029500000 , 0.0000009860000 , 5.0000000000000 ," 516,836.4302000000000 ",
 0.1732018700000 , 0.4338516490000 , 0.3985047340000 ," 632,391.3243000000000 "," 156,476.7160000000000 ", (60.2000000000000), 0.0000012300000 , 0.0000003900000 , 5.0000000000000 ," 426,737.0641000000000 ",
 0.6158500980000 , 0.6350936510000 , 0.0453040100000 ," 716,397.1120000000000 "," 270,942.6983000000000 ",, 0.0000028700000 , 0.0000009110000 , 5.0000000000000 ," 587,441.0704000000000 ",
 0.3746126150000 , 0.6258599160000 , 0.5031362590000 ," 313,826.8082000000000 "," 241,500.6280000000000 ",, 150.0000000000000 , 48.3698834900000 , 5.0000000000000 ," 239,721.5294000000000 ",
 0.0705687470000 , 0.6424192780000 , 12.1478574300000 ," 187,920.3808000000000 "," 76,971.6693800000000 ",, 0.0000019100000 , 0.0000006510000 , 5.0000000000000 ," (20,383.7515600000000)",
 0.3881699260000 , 0.6432882180000 , 0.4582528900000 ," 796,241.4505000000000 "," 271,946.0394000000000 ",, 0.0000002850000 , 0.0000000948000 , 5.0000000000000 ," 521,492.6844000000000 ",
 0.5456167890000 , 20.2933523400000 ,," 264,061.9847000000000 "," 939,068.4795000000000 ",, 0.0000022200000 , 0.0000007410000 , 5.0000000000000 ," 178,323.2573000000000 ",
 0.9611905640000 , 0.9053506420000 , 0.1957911350000 ," 324,511.8002000000000 "," 269,511.8623000000000 ",, 0.0000018500000 , 0.0000006070000 , 5.0000000000000 ," 259,125.0809000000000 ",
 0.3189756300000 , 0.8448753110000 , 0.0232719360000 ," 778,025.2431000000000 "," 760,851.3309000000000 ",, 0.0000005140000 , 0.0000001740000 , 5.0000000000000 ," 710,561.8259000000000 ",
 (42.6387125900000), 0.2818547750000 , 0.1181648280000 ," 88,384.9469800000000 "," 698,948.8285000000000 ", (84.0000000000000), 0.0000000521000 , 0.0000000181000 , 5.0000000000000 ," 70,024.2817100000000 ",
 0.7764129610000 , 0.3408035400000 , 0.9307573260000 ," 325,290.6184000000000 "," 900,960.8957000000000 ", (37.9000000000000), 0.0000027300000 , 0.0000009750000 , 5.0000000000000 ," 126,802.4909000000000 ",
 (9.6639675430000), 0.1031238690000 , 0.9025529070000 ," 576,702.3989000000000 "," 67,255.9139700000000 ",, 0.0000002870000 , 0.0000000974000 , 5.0000000000000 ," 470,735.9342000000000 ",
 0.5052523720000 , 0.8264574660000 , 0.3200496010000 ," 998,892.6120000000000 ", 27.9889870200000 ,, 0.0000020000000 , 0.0000006380000 , 5.0000000000000 ," 685,010.0186000000000 ",
, 0.3892016790000 , (35.3260489500000)," 806,665.0530000000000 "," 858,023.2710000000000 "," 998,000.0000000000000 ", 0.0000028200000 , 0.0000009280000 , 5.0000000000000 ," 527,357.2647000000000 ",
 0.9053819760000 , 0.0912866770000 , 0.3193136380000 ," 241,496.4853000000000 "," 40,350.8268600000000 ", (0.4210000000000), 0.0000015900000 , 0.0000005490000 , 5.0000000000000 ," 97,563.5177400000000 ",
 0.6318372120000 , 0.4484455220000 , 0.2932107720000 ," 783,738.2511000000000 "," 566,180.6912000000000 ", 28.9000000000000 , 0.0000010700000 , 0.0000003650000 , 5.0000000000000 ," 654,652.8265000000000 ",
 0.4944203050000 , 0.0575587600000 , 0.5495288820000 ," 38,938.0166900000000 ", (91.6738562600000)," 620,000.0000000000000 ", 0.0000020800000 , 0.0000007140000 , (18.3815727400000)," (21,300.9538600000000)",
 4.9080045410000 , 0.8877041830000 , 0.3509150130000 ," 563,395.3507000000000 "," 624,614.0481000000000 ",, 0.0000017600000 , 0.0000005690000 , 5.0000000000000 ," 326,085.1897000000000 ",
 0.7009691310000 , 0.0727630060000 , 0.8218600590000 ," 389,230.4717000000000 "," 228,875.4625000000000 "," 597,000.0000000000000 ", 0.0000011000000 , 0.0000003890000 , 5.0000000000000 ," 197,621.4502000000000 ",
 0.7062422270000 , 0.0813487810000 , 0.0848377140000 ," 928,182.0981000000000 "," 929,139.5200000000000 ",, 0.0000009790000 , 0.0000003200000 , 5.0000000000000 ," 818,488.0214000000000 ",
 0.9866395790000 , 0.3742707960000 , 0.3706421470000 , (78.6694565100000)," 211,635.8986000000000 "," 996,000.0000000000000 ", 0.0000025500000 , 0.0000008810000 , 5.0000000000000 ," 203,578.2350000000000 ",
 0.8127995670000 , 0.9472485770000 , 0.9860010640000 ," 981,117.9079000000000 "," 649,508.9297000000000 ", 11.5000000000000 , 0.0000002410000 , 0.0000000833000 , 5.0000000000000 ," 698,879.2035000000000 ",
 0.7533781850000 , 0.3762595860000 , 0.0835007170000 , 52.7715516200000 ," 593,158.2190000000000 ", (51.4000000000000), 0.0000009260000 , 0.0000003120000 , 5.0000000000000 ," 671,063.3128000000000 ",
 0.7771469160000 , 0.5584042500000 , 0.4242220090000 ," 454,764.3426000000000 "," 674,786.3022000000000 ",, 0.0000013100000 , 0.0000004430000 , 5.0000000000000 ," 292,082.6227000000000 ",
 0.9063543850000 , 0.1111974820000 , 0.4926251040000 ," 373,122.6184000000000 "," 941,691.9867000000000 "," 167,000.0000000000000 ", 0.0000022700000 , 0.0000007780000 , 5.0000000000000 ," 398,690.3922000000000 ",
 20.3573337700000 , 0.1175262470000 , 0.6492103020000 ," 648,638.9568000000000 "," 275,288.2135000000000 ",, 0.0000010800000 , 0.0000003670000 , 5.0000000000000 ," 543,305.9675000000000 ",
 0.3748705800000 , 0.2857120860000 , 0.8685991280000 ," 705,139.1456000000000 "," 455,171.9917000000000 ",, 0.0000015400000 , 0.0000005240000 , 5.0000000000000 ," 476,286.0540000000000 ",
 14.4575387900000 , 0.9632225390000 , 0.0121544750000 ," 837,367.0798000000000 "," 169,728.4286000000000 "," 19,100.0000000000000 ", 0.0000008000000 , 0.0000002690000 , 5.0000000000000 ," 725,710.2580000000000 ",
 0.5538542840000 , 0.9693025360000 , 0.5230978440000 ," 535,935.0789000000000 "," 488,495.6327000000000 ",, 0.0000000863000 , 0.0000000293000 , 5.0000000000000 ," 410,300.9106000000000 ",
 0.6293986380000 , 0.6957486890000 , 0.4545410650000 , (92.5782976900000)," 572,607.2329000000000 ",, 0.0000015100000 , 0.0000005100000 , 5.0000000000000 ," 132,812.5460000000000 ",
 0.0454463800000 , 0.2809631900000 , 0.9504114840000 ," 354,924.6609000000000 "," 51,989.3519800000000 ",, 0.0000005990000 , 0.0000001930000 , 5.0000000000000 ," 298,430.3883000000000 ",
 0.8902637840000 , 0.4556567530000 , 0.6201325980000 ," 423,335.1442000000000 "," 84,565.3781000000000 "," 607,000.0000000000000 ", 0.0000012500000 , 0.0000004090000 , 5.0000000000000 ," 203,961.6646000000000 ",
 0.3533522280000 , 0.5836561120000 , 0.0777346370000 ," 211,231.8315000000000 "," 862,996.8314000000000 ",, 0.0000021600000 , 0.0000007170000 , 5.0000000000000 ," 55,176.7348300000000 ",
 0.9743948080000 , 0.9862107440000 , 0.6981617140000 ," 196,653.5850000000000 "," 737,426.0858000000000 ",, 0.0000014900000 , 0.0000005090000 , 5.0000000000000 ," 189,078.4656000000000 ",
 0.5360963660000 , 0.3095276160000 , 0.8137950200000 ," 802,640.3124000000000 "," 997,237.8999000000000 ",, 0.0000021600000 , 0.0000007450000 , 5.0000000000000 ," 806,735.7417000000000 ",
 0.6847311730000 , 0.1626169390000 , 0.9109271840000 ," 897,365.8658000000000 ", 91.8093343500000 ,, 0.0000005630000 , 0.0000001900000 , 29.3542577600000 ," 578,385.4511000000000 ",
 0.8660638900000 , 0.0452186700000 , 0.0263669740000 ," 816,973.9073000000000 "," 852,547.4212000000000 ", 48.8000000000000 , 0.0000024200000 , 0.0000008250000 , 5.0000000000000 ," 551,574.7344000000000 ",
 0.1504168910000 , 0.5941307150000 , 0.3808908570000 ," 210,793.1016000000000 "," 229,365.7770000000000 ",, 0.0000029000000 , 0.0000009800000 , 5.0000000000000 ," 81,686.0780800000000 ",
 0.9699143980000 , 0.8421189230000 , 0.8383287050000 ," 268,562.1675000000000 "," 100,978.1068000000000 ",, 0.0000021100000 , 0.0000007100000 ,," 195,143.9914000000000 ",
 0.4686931600000 , 0.4148195020000 , 0.2734070720000 ," 147,275.5636000000000 "," 973,076.7979000000000 "," 759,000.0000000000000 ", 0.0000016100000 , 0.0000005180000 , 5.0000000000000 ," 50,779.0342300000000 ",
 0.0563754970000 , 0.8647223760000 , 0.8129010090000 , 78.6741044300000 , 6.8712305800000 ,, 0.0000017000000 , 0.0000005690000 , 5.0000000000000 ," 802,256.2619000000000 ",
 0.9997176730000 , (23.3342449200000), 0.5554317060000 ," 798,293.1972000000000 "," 326,253.9180000000000 ",, 0.0000027400000 , 0.0000009680000 , 5.0000000000000 ," 637,780.7233000000000 ",
 0.7689874150000 , 0.9447657300000 , 0.8496473910000 ," 232,505.9922000000000 "," 129,678.9782000000000 ",, (15.4000000000000), (5.0962932970000), 5.0000000000000 ," 144,359.0287000000000 ",
 0.2473481020000 , 0.4505441350000 , 0.1291594150000 , (2.3933507030000)," 673,994.2081000000000 ", (57.1000000000000), 26.0000000000000 , 8.1635955710000 , 5.0000000000000 ," 375,530.4976000000000 ",
 0.9540510270000 , 0.6061746340000 , 0.2286428060000 ," 210,506.9397000000000 "," 809,023.6403000000000 ",, 0.0000013600000 , 0.0000004660000 , 5.0000000000000 ," 248,661.1760000000000 ",
 0.1135575920000 , 0.6715731960000 , 0.5203077010000 ," 82,736.8356200000000 "," 484,537.9951000000000 "," 302,000.0000000000000 ", 0.0000017800000 , 0.0000005820000 , 5.0000000000000 ," 53,856.2127600000000 ",
 14.4615742900000 , 0.5201635010000 , 0.8521815000000 ," 563,408.3645000000000 "," 803,804.8905000000000 "," 137,000.0000000000000 ", 0.0000005120000 , 0.0000001640000 , 5.0000000000000 ," 548,849.3391000000000 ",
 0.5519068390000 ,, 0.8766536030000 ," 580,699.0846000000000 ", (43.1006431900000),, 0.0000025600000 , 0.0000008300000 , 5.0000000000000 ," 520,742.2149000000000 ",
 0.3505875590000 , 0.5899176870000 , 0.3922440450000 ," 458,431.4241000000000 "," 725,006.0763000000000 ", (26.7000000000000), (93.3000000000000), (30.8594590300000), 5.0000000000000 ," 330,215.0149000000000 ",
 0.4374749220000 , 0.9041586940000 , 0.3482554670000 ," 667,212.3372000000000 "," 777,049.2857000000000 ",, 0.0000027600000 , 0.0000008900000 , 5.0000000000000 ," 435,323.1423000000000 ",
 0.5139894890000 , 0.7836530130000 , 0.3965427820000 ," 313,875.4967000000000 "," 538,022.7054000000000 ",, 0.0000014700000 , 0.0000005300000 , 5.0000000000000 ," 109,978.3996000000000 ",
 0.6220867000000 , 0.8623637090000 , 0.9495206240000 ," 989,451.1310000000000 "," 889,519.3110000000000 ",, 0.0000007050000 , 0.0000002470000 , 5.0000000000000 ," 856,797.4134000000000 ",
 0.2582443880000 , 0.4591357560000 , 0.9800325750000 ," 492,569.0708000000000 "," 483,180.8633000000000 ",, 0.0000022500000 , 0.0000007430000 , 31.7297394300000 ," 253,989.6733000000000 ",
 0.4926180940000 , 0.3287516100000 , 0.6334008540000 ," 361,403.7791000000000 "," 859,794.6748000000000 ",, 0.0000016500000 , 0.0000005650000 , 5.0000000000000 ," 312,312.5870000000000 ",
 0.2401456190000 , 0.0758633280000 , 0.1288797220000 ," 328,233.1057000000000 "," 453,989.9112000000000 ",, 0.0000012600000 , 0.0000004140000 , 9.8059858420000 ," 131,758.0895000000000 ",
 0.1280458390000 , 0.1519026940000 , 0.1388271730000 ," 126,002.0279000000000 "," 196,419.2159000000000 "," 951,000.0000000000000 ", 0.0000021300000 , 0.0000006930000 , 5.0000000000000 ," (125,916.1684000000000)",
 0.6408747450000 , 0.1818800840000 , 0.3456672830000 ," 175,491.6274000000000 "," 567,727.3179000000000 ",, 0.0000008280000 , 0.0000002780000 , 5.0000000000000 ," 68,168.8538600000000 ",
 0.8967884100000 , 0.4739616400000 , (8.5326639970000)," 489,624.4621000000000 "," 644,745.2486000000000 "," 230,000.0000000000000 ", (166.0000000000000), (52.7271158600000), 5.0000000000000 ," 439,471.5110000000000 ",
 35.1870327700000 , 0.2785903390000 , 0.1770104840000 ," 141,223.5434000000000 "," 570,877.4168000000000 "," 185,000.0000000000000 ", 0.0000026600000 , 0.0000008820000 , 5.0000000000000 ," 147,025.3737000000000 ",
 0.0887025340000 , 0.1206358710000 , 0.4607787680000 ," 278,643.0631000000000 "," 218,709.8003000000000 ",, 0.0000026900000 , 0.0000008730000 , 5.0000000000000 ," 215,626.5336000000000 ",
 0.2063337180000 , 0.3642698610000 , 0.5034172710000 , (83.8295933900000)," 285,707.5677000000000 ",, 0.0000025200000 , 0.0000008890000 , 5.0000000000000 ," 484,300.0901000000000 ",
 0.6903948290000 , 0.0393121400000 , 0.7994103990000 ," 969,926.5253000000000 "," 571,260.4699000000000 ",, 0.0000009780000 , 0.0000003150000 , 5.0000000000000 ," 858,992.9820000000000 ",
 0.9208724010000 , 0.0610779600000 , 0.2768776480000 ," 87,017.2183000000000 ", 29.5073336500000 ," 845,000.0000000000000 ", 0.0000010200000 , 0.0000003520000 , 5.0000000000000 ," (80,548.9343000000000)",
 0.2093493230000 , 0.3704721030000 , 0.4845229850000 , (78.9867037500000)," 218,207.5346000000000 "," 874,000.0000000000000 ", 0.0000011900000 , 0.0000004250000 , 5.0000000000000 ," (21,994.2140200000000)",
 0.6182547720000 , 0.3689136400000 , 0.4625347160000 ," 249,668.9527000000000 "," 263,247.3465000000000 ", (97.8000000000000), 0.0000026700000 , 0.0000009150000 , (13.3644776000000)," 246,895.5497000000000 ",
 0.5326172660000 , 0.2424705040000 , 0.2692432310000 ," 920,739.6503000000000 ", 71.6820507800000 , (43.9000000000000), 0.0000004660000 , 0.0000001570000 , 5.0000000000000 ," 704,203.4669000000000 ",
 0.3772841630000 , 41.6895691600000 , (35.8428405300000)," 207,540.9362000000000 "," 238,146.6537000000000 ",, 0.0000023500000 , 0.0000007670000 , 5.0000000000000 ," (39,578.7295300000000)",
 0.2114480070000 , 0.3274973520000 , 0.1197621320000 ," 468,069.0542000000000 "," 466,299.4129000000000 ",, 0.0000016800000 , 0.0000005910000 , 5.0000000000000 ," 252,145.5613000000000 ",
 0.8905272810000 , 0.5935924540000 , 0.6791023190000 ," 154,492.2040000000000 "," 487,265.3541000000000 "," 430,000.0000000000000 ", 0.0000028800000 , 0.0000009410000 , 5.0000000000000 ," 80,112.6621500000000 ",
 0.7891712390000 , 0.4984421990000 , 0.0869202880000 ," 596,910.6905000000000 "," 999,557.7033000000000 ",, 0.0000015000000 , 0.0000005150000 , 5.0000000000000 ," 431,658.9731000000000 ",
 0.5371065420000 , 0.5868411180000 , 0.7454394740000 ," 397,865.7030000000000 "," 827,553.0523000000000 ",, (147.0000000000000), (51.1549332800000), 5.0000000000000 ," 403,059.1915000000000 ",
 0.4316595460000 , 0.1275803030000 , 0.2837759060000 ," 30,463.6863100000000 "," 204,448.3725000000000 ",, 0.0000003420000 , 0.0000001150000 , 5.0000000000000 ," (39,037.9124600000000)",
 0.3630822960000 , 0.6459172410000 , 0.5707783050000 ," 510,580.7575000000000 "," 615,129.1405000000000 ",, 0.0000016300000 , 0.0000005300000 , 5.0000000000000 ," 267,568.0588000000000 ",
 52.6035975200000 , (31.2756007700000), 0.6057748190000 ," 509,854.0096000000000 "," 501,275.6446000000000 ",, 0.0000000621000 , 0.0000000210000 , 5.0000000000000 ," 485,853.9171000000000 ",
 0.2372267920000 , 0.1017824730000 , 0.1528591390000 ," 34,911.5526600000000 "," 551,159.9619000000000 ",, 0.0000000991000 , 0.0000000325000 , 5.0000000000000 ," (14,449.5394000000000)",
 0.2459577280000 , 0.1606813730000 , (5.5215652150000), 49.5382018300000 ," 160,679.5847000000000 ",, 0.0000016300000 , 0.0000005390000 , 5.0000000000000 ," 724,432.9318000000000 ",
 54.9719807300000 , 0.5245113900000 , 0.4103968270000 ," 724,598.2868000000000 "," 111,593.0000000000000 "," 608,000.0000000000000 ", 0.0000016400000 , 0.0000005520000 , 5.0000000000000 ," 461,890.9770000000000 ",
 (44.0124456700000), 0.8655071260000 , 0.8170720710000 , 26.8152709200000 ," 392,093.5769000000000 "," 751,000.0000000000000 ", 0.0000009960000 , 0.0000003200000 , 5.0000000000000 ," 526,404.5080000000000 ",
 0.2580000000000 , 0.1708875870000 , 0.6686432200000 ," 125,486.2968000000000 "," 772,771.4197000000000 ",, 0.0000005730000 , 0.0000001910000 , 5.0000000000000 ," 147,312.7234000000000 ",
 0.9293759890000 , 0.5567628930000 , 0.5716126890000 ," 677,393.1299000000000 "," 565,781.5548000000000 ",, 0.0000012300000 , 0.0000004060000 , 5.0000000000000 ," 396,729.1280000000000 ",
 0.2799790940000 , 0.7694929330000 , 0.1870437490000 ," 387,322.5180000000000 "," 66,165.1888300000000 ",, 0.0000009810000 , 0.0000003470000 , 5.0000000000000 ," 331,190.9802000000000 ",
 0.3236792360000 , 0.4254364390000 , 0.5076103790000 ," 826,858.5610000000000 "," 524,735.6377000000000 ",, 0.0000020500000 , 0.0000006860000 , 5.0000000000000 ," 559,377.5977000000000 ",
 0.2886305530000 , 0.5812382210000 , 0.1543627150000 ," 961,492.3246000000000 "," 667,867.9067000000000 ",, 0.0000001630000 , 0.0000000554000 , 5.0000000000000 ," 649,719.9669000000000 ",
 27.8405513800000 , 0.5325894330000 , 0.0518235370000 ," 265,496.4074000000000 "," 611,463.6112000000000 ", (36.3000000000000), 0.0000002130000 , 0.0000000706000 , 5.0000000000000 ," 123,168.5955000000000 ",
 0.3366042780000 , 0.1344146770000 , 0.0633749700000 ," 317,549.7003000000000 "," 848,109.2350000000000 ",, 0.0000022900000 , 0.0000007660000 , 5.0000000000000 ," 126,354.0631000000000 ",
 0.2546406550000 , 0.6815027220000 , 0.7602278600000 ," 281,616.0421000000000 "," 963,360.3204000000000 ",, 0.0000030000000 , 0.0000009690000 , 5.0000000000000 ," 367,130.6901000000000 ",
 0.5956387410000 , 0.4715761890000 , 0.4118409140000 ," 716,049.9732000000000 "," 706,246.1626000000000 ",, 0.0000027600000 , 0.0000009250000 , 5.0000000000000 ," 532,165.4060000000000 ",
 0.3488682670000 , 0.9295291440000 , 0.8306194080000 ," 990,108.8461000000000 "," 311,879.4358000000000 "," 340,000.0000000000000 ", 0.0000003550000 , 0.0000001170000 , 5.0000000000000 ," 786,820.5548000000000 ",
 0.9650269110000 , 0.1242972230000 , 0.7308674750000 ," 78,939.4029500000000 ", 27.2982202700000 ,, 0.0000003550000 , 0.0000001270000 , 5.0000000000000 ," 56,197.1518600000000 ",
 0.9383404570000 , 0.1812330660000 , 0.0664962670000 ," 343,386.7022000000000 "," 834,571.7903000000000 ",, 0.0000014600000 , 0.0000004820000 , 5.0000000000000 ," 149,540.4362000000000 ",
 0.7411206490000 , 0.5744731130000 , 0.8418287770000 ," 185,733.0720000000000 "," 372,508.9316000000000 ",, 0.0000000312000 , 0.0000000100000 , 5.0000000000000 ," (45,107.2574000000000)",
 0.1397723770000 , 6.8239962050000 , 0.2016273200000 ," 61,808.4606900000000 ", 54.3304400800000 ,, 0.0000014300000 , 0.0000004910000 , 59.9941119800000 ," 20,516.8770300000000 ",
 0.1636559430000 , 0.1642657980000 , 0.8145747200000 ," 595,212.8341000000000 "," 150,472.2710000000000 "," 968,000.0000000000000 ", 0.0000011800000 , 0.0000003840000 , 5.0000000000000 ," 259,810.2076000000000 ",
 0.6651972210000 , 0.5230654250000 , 0.3588304840000 ," 446,714.5273000000000 "," 501,517.9604000000000 ",, 0.0000021100000 , 0.0000007150000 , 5.0000000000000 ," 378,996.1667000000000 ",
 0.4391349090000 , 0.3769444290000 , 0.4626797860000 ," 753,868.0827000000000 "," 577,891.1127000000000 ",, 0.0000006840000 , 0.0000002180000 , 5.0000000000000 ," 469,781.4930000000000 ",
 0.3013778740000 , 0.7476093800000 , 0.5027203900000 ," 817,407.8473000000000 "," 757,048.1147000000000 ",, 0.0000003910000 , 0.0000001310000 , 5.0000000000000 ," 779,332.2535000000000 ",
 0.5435528610000 , 0.9064721110000 , 0.6242379960000 ," 411,197.4889000000000 "," 402,406.2593000000000 ",, 0.0000021900000 , 0.0000007800000 , 5.0000000000000 ," 161,546.6699000000000 ",
 0.1168980410000 , 0.9398321240000 , 0.6277080530000 ," 895,562.8481000000000 "," 909,175.2641000000000 ",, 0.0000002350000 , 0.0000000801000 , 5.0000000000000 ," 795,846.3642000000000 ",
 0.3349056150000 , 0.1392720730000 , 0.7940251890000 ," 691,055.8127000000000 "," 271,633.1813000000000 ",, 0.0000000306000 , 0.0000000099700 , 5.0000000000000 ," 569,303.9441000000000 ",
 0.6200727560000 , 0.5334610920000 , 0.8938925830000 ," 184,632.4573000000000 "," 342,107.6209000000000 ", 59.6000000000000 , 40.4000000000000 , 13.4071826400000 , 5.0000000000000 ," 85,703.1076800000000 ",
 0.7885972110000 , 38.0058226800000 , 0.3117220680000 ," 830,949.1711000000000 "," 119,891.0935000000000 ",, 0.0000027300000 , 0.0000009150000 , 5.0000000000000 ," 518,401.1330000000000 ",
 0.2484891400000 , 0.7439462930000 , 0.0335324350000 ," 531,454.9142000000000 "," 287,945.3427000000000 "," 493,000.0000000000000 ", 0.0000020900000 , 0.0000006830000 , 5.0000000000000 ," 354,269.8297000000000 ",
 0.5698896850000 , 0.7624586860000 , 0.8767656370000 , (73.7765528300000), 68.9389823600000 ,, 0.0000022800000 , 0.0000007830000 , 5.0000000000000 ," 216,895.4064000000000 ",
 0.8464522920000 , 0.1274886620000 , 0.3972872910000 ," 902,413.0333000000000 "," 343,957.6866000000000 ",, (124.0000000000000), (41.6631979700000), 5.0000000000000 ," 610,001.5284000000000 ",
 (39.2183727200000), 0.1499174270000 , 0.2292513950000 ," 658,661.3549000000000 "," 931,554.9143000000000 "," 821,000.0000000000000 ", 0.0000021200000 , 0.0000007270000 , 5.0000000000000 ," 460,492.9110000000000 ",
 0.6939484440000 , 0.5427244430000 , 0.2517990590000 ," 399,518.7846000000000 "," 326,794.7059000000000 ",, 147.0000000000000 , 48.9848534600000 , 5.0000000000000 ," 379,459.8733000000000 ",
 0.3456959940000 , 0.1815977170000 , 0.9084505610000 ," 826,551.0742000000000 "," 800,980.7004000000000 "," 104,000.0000000000000 ", 0.0000005530000 , 0.0000001870000 , 5.0000000000000 ," 779,788.5797000000000 ",
 0.5833917950000 , 0.4008514170000 , 0.4620058040000 , 14.4067532300000 ," 463,981.6982000000000 ",, 0.0000030500000 , 0.0000009990000 , 5.0000000000000 ," 518,712.3823000000000 ",
 0.9472833400000 , 0.1533514030000 , 0.5862298320000 ," 980,568.2271000000000 "," 214,695.8875000000000 "," 67,200.0000000000000 ", 0.0000025000000 , 0.0000008350000 , 5.0000000000000 ," 839,785.7343000000000 ",
 0.5058886790000 , 0.6114542350000 , 0.0181101840000 ," 594,847.3795000000000 "," 738,866.6771000000000 ", 68.3000000000000 , 0.0000024900000 , 0.0000008420000 , 5.0000000000000 ," 595,095.2723000000000 ",
 26.8093534900000 , 0.9321182820000 , 0.5651331840000 , (48.5470427800000)," 532,291.8760000000000 "," 103,000.0000000000000 ", 0.0000027400000 , 0.0000009020000 , 5.0000000000000 ," 601,456.9956000000000 ",
 0.6966508240000 , 0.9224993810000 , 0.7072386340000 ," 172,523.8769000000000 "," 567,974.2973000000000 ",, 0.0000000268000 , 0.0000000091000 , 5.0000000000000 ," 142,818.2705000000000 ",
 0.1525390430000 , 0.5762883600000 , 0.6067150460000 , (89.4323250100000)," 818,740.2295000000000 ",, 0.0000007630000 , 0.0000002500000 , 5.0000000000000 ," 637,075.6967000000000 ",
 0.4241306710000 , 0.7364442360000 , 0.9343670150000 ," 259,670.8390000000000 ", 70.9633129100000 ,, 0.0000026900000 , 0.0000008880000 , 5.0000000000000 ," 234,718.9676000000000 ",
 0.9255685130000 , 0.4508393710000 , 0.1132380460000 ," 347,518.7953000000000 "," 50,349.5269700000000 ",, 0.0000018400000 , 0.0000006070000 , 5.0000000000000 ," 286,208.0825000000000 ",
 0.9208418830000 , 0.8698963620000 , 0.5188380570000 , (93.8728615600000), (32.1077022600000),, 0.0000007890000 , 0.0000002690000 , 5.0000000000000 ," 396,070.7708000000000 ",
 0.3334991720000 , 0.3981686940000 , 0.5373956030000 ," 805,714.5257000000000 "," 328,179.4828000000000 "," 209,000.0000000000000 ", 0.0000012800000 , 0.0000004420000 , 5.0000000000000 ," 668,906.0410000000000 ",
 0.9198556160000 , 0.3463459940000 , 0.3469532020000 ," 84,688.3418800000000 "," 466,693.1209000000000 "," 482,000.0000000000000 ", 0.0000015400000 , 0.0000005220000 , 5.0000000000000 ," 4,065.1429170000000 ",
 0.0130944570000 , 0.6635373720000 , 0.1780359670000 ," 531,572.1527000000000 "," 32,659.0607800000000 ",, 0.0000009840000 , 0.0000003240000 , 5.0000000000000 ," 324,095.9854000000000 ",
 0.2099055930000 , 0.8980542890000 , 0.2051396400000 ," 612,795.8355000000000 ", (81.2968635100000),, 0.0000013000000 , 0.0000004200000 , 5.0000000000000 ," 466,069.2296000000000 ",
 0.1906877210000 , 0.0365496680000 , 15.8393226800000 ," 76,803.0483100000000 "," 354,666.2050000000000 ",, 176.0000000000000 , 56.7275106700000 , 5.0000000000000 ," (36,609.9869600000000)",
 0.5648411330000 , 0.0657086390000 , 0.7755276170000 ," 403,207.7561000000000 "," 833,644.0105000000000 ",, 0.0000026300000 , 0.0000008810000 , 5.0000000000000 ," 232,875.3353000000000 ",
 0.4532888350000 , 0.5243902690000 , 0.4407627470000 ," 611,831.0201000000000 "," 373,457.9451000000000 ",, 0.0000021200000 , 0.0000007070000 , 5.0000000000000 ," 498,650.4458000000000 ",
 0.3733093160000 , 0.2707446730000 , 0.6439995430000 ," 395,259.3154000000000 "," 181,778.8672000000000 ", 45.8000000000000 , 0.0000027900000 , 0.0000009420000 , 5.0000000000000 ," 316,187.9096000000000 ",
 0.4087341710000 , 0.0253863560000 , 0.1561525970000 ," 827,302.1497000000000 "," 41,915.2167200000000 ",, 66.6000000000000 , 22.3344155300000 , 5.0000000000000 ," 590,699.7892000000000 ",
 0.7159722290000 , 0.6589239420000 , 0.0270959930000 ," 168,203.6558000000000 "," 879,330.2157000000000 ",, 0.0000012300000 , 0.0000004100000 , 5.0000000000000 ," 110,742.6334000000000 ",
 0.2219721620000 , 6.1719550650000 , 0.6718927440000 ," 231,380.6364000000000 "," 502,427.2872000000000 ",, 0.0000001510000 , 0.0000000491000 , 5.0000000000000 ," 64,989.1301600000000 ",
 0.0994413930000 , 0.2431721910000 , 0.7222669320000 ," 629,820.6544000000000 "," 403,210.6332000000000 ",, 0.0000026100000 , 0.0000008540000 , 5.0000000000000 ," 382,440.7930000000000 ",
 0.8556964680000 , 0.8302198650000 , 0.3971835300000 ," 531,294.0184000000000 "," 677,438.0712000000000 ",, (17.7000000000000), (6.0254552730000), 5.0000000000000 ," 424,999.3303000000000 ",
 0.6680851370000 , 0.2049842950000 , 0.2931477300000 ," 731,496.4640000000000 "," 824,471.5176000000000 "," 146,000.0000000000000 ", (71.6000000000000), (24.7781741600000), 5.0000000000000 ," 691,208.1886000000000 ",
 0.8963358190000 , 0.0130019240000 , 0.0855085310000 ," 832,929.7156000000000 "," 540,296.5318000000000 ",, 0.0000016800000 , 0.0000005820000 , 5.0000000000000 ," 547,726.2082000000000 ",
 0.2078862550000 , 0.0265322040000 , 0.1814354350000 ," 431,301.7063000000000 "," 379,040.4854000000000 ",, 0.0000018000000 , 0.0000005960000 , 5.0000000000000 ," 167,013.1062000000000 ",
 0.6241489080000 , 0.4094116520000 , 0.5520471810000 ," 6,379.0434070000000 "," 978,354.7871000000000 ",, 0.0000009280000 , 0.0000003080000 , 32.6808690500000 ," (123,854.2463000000000)",
 47.0495811900000 , (46.4885276500000), 0.9484533070000 ," 395,155.2975000000000 ", 42.3224805700000 ,, 0.0000021300000 , 0.0000007640000 , 5.0000000000000 ," 339,482.1719000000000 ",
 0.7636057940000 , 0.1401131760000 , 0.8684679760000 , 90.6526673400000 ," 805,430.0430000000000 ",, 0.0000001110000 , 0.0000000363000 , 5.0000000000000 ," 419,439.9699000000000 ",
 0.4874311980000 , 0.8945522270000 , 0.7998552560000 ," 400,212.2758000000000 "," 783,297.9830000000000 ",, 0.0000021500000 , 0.0000007280000 , 5.0000000000000 ," 373,026.9674000000000 ",
 0.5416342150000 , 0.6334782200000 , 0.2578876850000 ," 659,505.9817000000000 "," 688,045.5571000000000 "," 120,000.0000000000000 ", 0.0000022200000 , 0.0000007250000 , 5.0000000000000 ," 618,814.4587000000000 ",
 0.1393560740000 , 0.8349302370000 , 0.9844021810000 ," 938,529.7835000000000 "," 181,183.2791000000000 "," 623,000.0000000000000 ", 0.0000012200000 , 0.0000004060000 , 5.0000000000000 ," 648,260.0116000000000 ",
 0.0183906770000 , 0.9142988070000 , 0.1177510830000 ," 417,193.4186000000000 ", (63.0149846600000),,,, 5.0000000000000 ," 327,918.7846000000000 ",
 0.5765164760000 , 0.2740552210000 ,," 418,144.7882000000000 "," 757,282.9783000000000 ",, 0.0000020200000 , 0.0000006930000 , 5.0000000000000 ," 212,361.0703000000000 ",
 0.6514203880000 , (17.8070967200000), (26.0668045000000)," 84,127.6622600000000 "," 393,103.9076000000000 "," 100,000.0000000000000 ", 82.8000000000000 , 26.0499415100000 , 5.0000000000000 ," 97,615.6984800000000 ",
 0.8738900780000 , 0.5974131020000 , 0.6005168600000 , (65.2397022100000)," 233,812.8331000000000 ",, 0.0000015800000 , 0.0000005250000 , 5.0000000000000 ," 163,326.1714000000000 ",
 0.4187705250000 , 0.3831385280000 , 0.5189177050000 ," 231,475.2138000000000 "," 868,409.5239000000000 ",, 0.0000016700000 , 0.0000005870000 , 5.0000000000000 ," 62,050.8017600000000 ",
 0.0827986680000 , 0.6031521090000 , 0.2453491100000 ," 573,949.8661000000000 "," 392,895.1089000000000 ",, 0.0000022900000 , 0.0000007940000 , 5.0000000000000 ," 531,060.5016000000000 ",
 0.7190459050000 , 0.2971217160000 , 0.5664046400000 ," 306,432.8227000000000 "," 40,258.0030100000000 ", 42.5000000000000 , 0.0000011700000 , 0.0000004110000 , 5.0000000000000 ," 104,122.7220000000000 ",
 0.4760504020000 , 0.6636711650000 , 0.9368297390000 ," 397,684.4144000000000 "," 973,800.4134000000000 ",, 0.0000026300000 , 0.0000008960000 , 5.0000000000000 ," 321,140.9311000000000 ",
 0.7325720970000 , 0.2149403790000 , 0.0311831350000 ," 275,239.1810000000000 "," 709,438.8646000000000 ",, 0.0000025800000 , 0.0000008590000 , 5.0000000000000 ," 255,772.2299000000000 ",
 0.2622640440000 , 53.4576391300000 , (0.7667189570000)," 904,243.2914000000000 "," 374,721.9705000000000 "," 550,000.0000000000000 ", 0.0000024700000 , 0.0000008650000 , 5.0000000000000 ," 665,659.1706000000000 ",
 0.4963662470000 , 0.5968428490000 , 0.3342438910000 ," 50,573.1038200000000 "," 426,121.2380000000000 ",, 0.0000005470000 , 0.0000001780000 , 5.0000000000000 ," (125,770.7315000000000)",
 0.4348273390000 , 0.2464020330000 , 0.8191023180000 ," 450,058.6394000000000 "," 337,454.2790000000000 ",, 0.0000009530000 , 0.0000002960000 , 5.0000000000000 ," 189,258.4674000000000 ",
 0.4460057730000 , 0.1851329290000 , 0.5419009470000 , 68.0673305500000 ," 571,995.8783000000000 ",, 0.0000023400000 , 0.0000007440000 , 5.0000000000000 ," (4,791.5272800000000)",
 0.6587833670000 , 0.6922765650000 , 0.8491956520000 , 94.5221669800000 ," 361,074.7263000000000 ",, 0.0000024000000 , 0.0000008080000 , 5.0000000000000 ," 164,762.3639000000000 ",
 0.2496680090000 , 0.4894249640000 , 0.2212094420000 ," 679,697.2168000000000 "," 56,680.4321700000000 ", (17.6000000000000), 0.0000001880000 , 0.0000000633000 , 5.0000000000000 ," 572,744.9651000000000 ",
 0.9876680080000 , 0.9440593400000 , 0.0394268110000 ," 391,910.5629000000000 "," 697,163.6921000000000 ",, 0.0000024600000 , 0.0000008590000 , 5.0000000000000 ," 373,991.9852000000000 ",
 0.6974202670000 , 0.2973490070000 , 0.9243961950000 ," 411,303.9721000000000 "," 240,531.5852000000000 ",, (94.7000000000000), (31.6219765900000), 5.0000000000000 ," 197,304.0898000000000 ",
 0.9710582450000 , 0.9442664890000 , 0.4742142170000 ," 826,064.6845000000000 "," 673,092.1309000000000 "," 824,000.0000000000000 ", 0.0000009710000 , 0.0000003090000 , 5.0000000000000 ," 565,647.0315000000000 ",
 37.5608667300000 , 0.8445493990000 , 0.3191004730000 ," 396,992.1622000000000 "," 156,316.9707000000000 ",, 126.0000000000000 , 41.7308809500000 , 5.0000000000000 ," 155,797.8489000000000 ",
 0.8289154740000 , 0.0370076350000 , 0.5962698780000 ," 360,474.5051000000000 "," 671,270.8252000000000 ",, 0.0000011000000 , 0.0000003520000 , 5.0000000000000 ," 322,812.6683000000000 ",
 0.6962887760000 , 0.3398749640000 , 0.7247667720000 ," 988,420.9940000000000 "," 977,279.9326000000000 "," 794,000.0000000000000 ", 0.0000006280000 , 0.0000002180000 , (23.4063533600000)," 752,840.8201000000000 ",
 0.0653563410000 , 0.3152903380000 , 0.5394912920000 ," 659,422.9621000000000 "," 577,807.0503000000000 ",, 0.0000023600000 , 0.0000008030000 , 5.0000000000000 ," 400,374.5225000000000 ",
 0.7907231650000 , 0.3187525030000 , 0.6258913760000 ," 289,439.5216000000000 "," 467,681.2125000000000 ",, 0.0000022200000 , 0.0000007410000 , 5.0000000000000 ," 139,868.6732000000000 ",
 0.8859777480000 , 0.6158631880000 , 0.2329594750000 ," 411,190.4759000000000 "," 427,486.4541000000000 ",, 0.0000010400000 , 0.0000003560000 , 5.0000000000000 ," 316,026.3722000000000 ",
 0.0244007820000 ,, 0.0212694110000 , (95.8837547400000)," 850,574.5280000000000 ",, 0.0000008350000 , 0.0000002950000 , 19.3556455200000 ," 538,428.3451000000000 ",
 0.8747016730000 , 0.5289371340000 ,," 934,433.0388000000000 ", (75.5160001200000), 88.4000000000000 , 0.0000020900000 , 0.0000007450000 , 5.0000000000000 ," 659,714.3861000000000 ",
 0.7671882890000 , 0.4019309140000 , 0.4798756200000 , (36.4512990500000)," 40,138.8590900000000 ",, 0.0000024900000 , 0.0000008180000 , 5.0000000000000 ," 454,610.2295000000000 ",
 0.6275054630000 , (31.1167879500000), 0.9840834690000 ," 991,962.7472000000000 "," 294,067.4622000000000 ",, 0.0000016500000 , 0.0000005450000 , 5.0000000000000 ," 821,294.4631000000000 ",
 0.7682734140000 , 0.4177667820000 , 0.4213570020000 ," 765,363.3639000000000 "," 253,026.3409000000000 ", (20.6000000000000), 0.0000027300000 , 0.0000009030000 , 5.0000000000000 ," 445,594.0875000000000 ",
 0.3546221580000 , 0.2872389920000 , 0.2963081200000 ," 673,838.8983000000000 "," 846,887.2244000000000 ",, 0.0000025400000 , 0.0000008240000 , 5.0000000000000 ," 597,065.1046000000000 ",
 0.9877223900000 , 0.4277731340000 , 0.3843266470000 ," 682,532.4595000000000 "," 575,359.1731000000000 ",, 0.0000012200000 , 0.0000004380000 , 5.0000000000000 ," 538,678.2330000000000 ",
 0.6796472830000 , 0.2182538880000 , 0.9499611840000 ," 275,922.6944000000000 "," 768,581.3309000000000 ",, 0.0000008680000 , 0.0000002910000 , 5.0000000000000 ," 276,774.6942000000000 ",
 0.7863450140000 , 0.0894110020000 , 0.4175807760000 ," 692,354.3062000000000 "," 233,332.8226000000000 ",, 0.0000002280000 , 0.0000000755000 , 5.0000000000000 ," 446,664.0865000000000 ",
 0.8791183080000 , 0.9447320220000 , 0.4674015110000 ," 747,078.2671000000000 ",,, 0.0000012500000 , 0.0000004280000 , 5.0000000000000 ," 645,010.8689000000000 ",
 0.2316717010000 , 0.9427317740000 , 0.6496466490000 ," 44,996.8212400000000 "," 734,151.2590000000000 ",, 0.0000002740000 , 0.0000000897000 , 5.0000000000000 ," 45,533.9685700000000 ",
 0.6077367950000 , 0.5126885110000 ,," 478,528.3699000000000 "," 928,859.5498000000000 ",, 0.0000023900000 , 0.0000008070000 , 5.0000000000000 ," 441,153.3618000000000 ",
 0.1765280320000 , 0.2204862090000 , 0.1864382620000 ," 465,336.9339000000000 "," 13,682.4147600000000 ",, 0.0000006860000 , 0.0000002240000 , 5.0000000000000 ," 372,912.4311000000000 ",
 0.9691026300000 , 0.8837858850000 , 0.9277522830000 ," 426,398.3568000000000 "," 548,145.2027000000000 ",, 0.0000016000000 , 0.0000005630000 , 5.0000000000000 ," 387,841.6452000000000 ",
 0.9949078230000 , 0.1738952490000 , 0.3962420190000 ," 295,932.0294000000000 "," 663,824.4749000000000 ",, 0.0000000116000 , 0.0000000038300 , 5.0000000000000 ," 77,920.7026300000000 ",
 0.5369744230000 , 0.5929399350000 , (8.2296364710000)," 89,876.8517400000000 "," 600,912.0057000000000 ",, 0.0000025400000 , 0.0000008620000 , 5.0000000000000 ," 65,317.0799200000000 ",
 0.0914868370000 , 0.8774608630000 , 0.2656000430000 ," 917,268.0666000000000 "," 406,590.5374000000000 "," 143,000.0000000000000 ", 0.0000029900000 , 0.0000009950000 , 5.0000000000000 ," 791,850.4340000000000 ",
 0.5508573710000 , 0.0869867600000 , 0.4084532130000 , (47.2083063500000)," 679,633.1824000000000 ", (61.1000000000000), 0.0000017600000 , 0.0000005580000 , 5.0000000000000 ," 406,883.6654000000000 ",
 0.4958757350000 , 0.0810462160000 , 0.2201832020000 , (39.0422000700000)," 661,834.5851000000000 ",, 0.0000013600000 , 0.0000004500000 , 5.0000000000000 ," 102,068.3794000000000 ",
 0.6832587640000 , 0.0761308590000 , 0.8512069140000 ," 593,461.3827000000000 "," 16,243.4432100000000 ",, 0.0000017100000 , 0.0000005720000 , 5.0000000000000 ," 305,152.0392000000000 ",
 0.4951465270000 , 0.4805865770000 , 0.5924077850000 ," 323,530.4125000000000 "," 665,055.9890000000000 ", 75.8000000000000 , 0.0000008550000 , 0.0000002870000 , 5.0000000000000 ," 212,801.5399000000000 ",
 0.5657319640000 , 0.2670282700000 , 0.8786299860000 ," 831,518.3331000000000 ", (71.5691162700000),, 0.0000008590000 , 0.0000002850000 , 5.0000000000000 ," 651,416.4403000000000 ",
 0.7974260220000 , 0.6584518350000 , 0.8505817290000 , (79.2464067700000), (4.3462741080000)," 729,000.0000000000000 ", 0.0000026200000 , 0.0000009060000 , 5.0000000000000 ," (56,194.7944800000000)",
 0.6974714620000 , 0.6801407720000 , 0.6186113780000 ," 712,137.0459000000000 "," 356,596.1760000000000 "," 254,000.0000000000000 ", 0.0000010000000 , 0.0000003280000 , 5.0000000000000 ," 581,331.8412000000000 ",
 0.7527166400000 , 0.1586051050000 , 0.8808707590000 ," 12,897.4697900000000 "," 540,299.4068000000000 ", 58.9000000000000 , 0.0000027400000 , 0.0000008700000 , 5.0000000000000 ," (147,084.6926000000000)",
 0.8718435280000 , 0.0292472830000 , 0.8258167510000 ," 957,631.6463000000000 "," 565,744.9506000000000 ",, 0.0000005060000 , 0.0000001650000 , 5.0000000000000 ," 746,602.0564000000000 ",
 0.1288698670000 , (2.4091502840000), 0.7435082560000 ," 85,056.3854900000000 "," 548,872.8015000000000 ",, 0.0000008560000 , 0.0000002870000 , 5.0000000000000 ," 43,475.9055100000000 ",
 0.5412665790000 , 0.9629920040000 , 0.3418721660000 ," 305,743.9574000000000 "," 402,703.7210000000000 "," 673,000.0000000000000 ", 0.0000022900000 , 0.0000008050000 , 5.0000000000000 ," 130,253.6407000000000 ",
 0.6326218930000 , 0.9320281060000 , 0.1025097280000 ," 682,191.6893000000000 "," 315,239.4346000000000 ",, 0.0000016700000 , 0.0000005510000 , 5.0000000000000 ," 583,393.1632000000000 ",
 0.9372284870000 , 53.9177041800000 , 0.0678370590000 ," 632,396.2565000000000 "," 128,325.8622000000000 ",, 0.0000009250000 , 0.0000003040000 , 5.0000000000000 ," 394,359.0114000000000 ",
 0.5821704600000 , 0.3458830570000 , 0.6209155180000 ," 872,859.4216000000000 "," 499,958.9920000000000 ",, (68.9000000000000), (21.9239219700000), 5.0000000000000 ," 607,118.7943000000000 ",
 0.9688778550000 , 0.7496518320000 , 0.1300862400000 ," 284,541.3857000000000 "," 443,033.7063000000000 ", (25.0000000000000), (162.0000000000000), (55.5814337800000), 5.0000000000000 ," 132,959.0067000000000 ",
 15.5822345100000 , 0.0245869160000 , 0.0221235520000 ," 849,959.3305000000000 ", 34.0398332600000 ,, 0.0000003390000 , 0.0000001110000 , 5.0000000000000 ," 711,009.9530000000000 ",
 0.3236102190000 , 0.4886431900000 , 0.7704074180000 ," 963,479.9475000000000 "," 108,044.5594000000000 ",, 0.0000014400000 , 0.0000004640000 , 5.0000000000000 ," 698,660.7305000000000 ",
 0.6832953770000 , 0.4459027060000 , 0.2736266660000 ," 585,563.7288000000000 "," 541,374.4209000000000 ",, 0.0000024100000 , 0.0000008000000 , 5.0000000000000 ," 545,587.3413000000000 ",
 0.9971245000000 , 0.4261813020000 , 0.4513870240000 ," 57,026.9140000000000 "," 105,483.4275000000000 ",, 0.0000012600000 , 0.0000004260000 , 5.0000000000000 ," (96,945.4258100000000)",
 0.1636238210000 , 0.7948095490000 , 0.6936822260000 , (55.6671623500000)," 233,740.7920000000000 ",, 0.0000009140000 , 0.0000003160000 , 5.0000000000000 ," 318,249.2245000000000 ",
 0.2207696130000 , 0.0823810460000 , 52.1852035500000 ," 820,067.5021000000000 "," 41,578.9598500000000 ",, 0.0000001530000 , 0.0000000521000 , 5.0000000000000 ," 563,007.4275000000000 ",
 0.6545112140000 , 0.2732595270000 , 0.9508635620000 ," 689,310.4121000000000 "," 252,311.9271000000000 ", (87.7000000000000), 0.0000023000000 , 0.0000007960000 , 5.0000000000000 ," 533,217.1733000000000 ",
 0.1510578920000 , 0.4323348010000 , 0.9436159200000 , 75.1442596100000 ," 897,935.2934000000000 ",, 0.0000004050000 , 0.0000001310000 , 5.0000000000000 ," 420,840.1199000000000 ",
 54.7984141100000 , 0.6385259480000 , 0.3975943980000 , 52.3846763400000 ," 730,221.7178000000000 "," 365,000.0000000000000 ", 0.0000027700000 , 0.0000009330000 , 47.1657394100000 ," 493,407.8589000000000 ",
 33.8859328900000 , 0.9839776480000 , 0.4093340060000 ," 640,965.5281000000000 "," 466,181.5911000000000 ",, (10.3000000000000), (3.3812803370000), 5.0000000000000 ," 553,782.1014000000000 ",
 0.8940992040000 , 0.2299546060000 , 0.2131047040000 ," 701,738.2739000000000 "," 556,464.6373000000000 ",, 0.0000016300000 , 0.0000005200000 , 5.0000000000000 ," 571,550.9935000000000 ",
 0.8643582500000 , 0.4732099070000 , 0.9681934280000 ," 56,881.3977800000000 "," 766,527.3162000000000 ",, 0.0000025300000 , 0.0000008110000 , 5.0000000000000 ," (38,308.5520300000000)",
 0.1855255160000 , 0.8686231680000 , 24.6015171200000 ," 331,352.2187000000000 "," 675,662.9022000000000 "," 396,000.0000000000000 ", 0.0000006330000 , 0.0000002140000 , 5.0000000000000 ," 264,667.2262000000000 ",
 0.7709218450000 , 0.8447832280000 , 0.7610239910000 , (52.4423157800000), (14.5377916400000)," 412,000.0000000000000 ", 0.0000012300000 , 0.0000004050000 , 5.0000000000000 ," 588,978.8422000000000 ",
 0.6262203220000 , 0.1312448780000 , 0.0325261790000 ," 934,729.9155000000000 "," 250,879.0999000000000 ",, 0.0000002690000 , 0.0000000890000 , 5.0000000000000 ," 791,486.1992000000000 ",
 0.4815223520000 , 0.1173081890000 , 0.1251857920000 ," 62,036.7636300000000 "," 339,305.2673000000000 "," 506,000.0000000000000 ", 0.0000004650000 , 0.0000001570000 , 5.0000000000000 ," (38,983.0120200000000)",
 0.6855652870000 , 0.4303058950000 , 0.2005247270000 , (9.3376927150000)," 658,102.2181000000000 ",, 0.0000019400000 , 0.0000006190000 , 5.0000000000000 ," (44,971.5260200000000)",
 0.4915945470000 , 0.0642089370000 , 0.5819714020000 ," 451,739.4760000000000 "," 354,728.5567000000000 ", 4.9200000000000 , 0.0000028700000 , 0.0000009680000 , 5.0000000000000 ," 321,149.3968000000000 ",
 0.4552201490000 , 0.0116205400000 , 0.0724468880000 ," 387,274.4114000000000 "," 659,690.2729000000000 ",, 0.0000002530000 , 0.0000000854000 , 5.0000000000000 ," 297,186.0876000000000 ",
 0.3924935560000 , 0.4799388350000 , 0.6000205480000 ," 648,233.4688000000000 "," 61,446.2901300000000 ", 94.1000000000000 , 0.0000005660000 , 0.0000001940000 , 5.0000000000000 ," 334,503.1106000000000 ",
 0.7798509890000 , 0.0396188250000 , 0.4805069470000 ," 151,432.3144000000000 "," 477,416.1895000000000 ",, 0.0000002200000 , 0.0000000717000 , 5.0000000000000 ," 29,341.3550000000000 ",
 0.1049301780000 , 0.2420450160000 , 0.9866625930000 , 11.5689650100000 ,,, 0.0000028300000 , 0.0000009310000 , 5.0000000000000 ," 454,477.6333000000000 ",
 0.1424955430000 , 0.4988881530000 , 0.6181557340000 ," 126,824.0226000000000 "," 391,742.4506000000000 ",, 0.0000023100000 , 0.0000007810000 , 5.0000000000000 ," 116,504.4646000000000 ",
 0.3506269310000 , 0.0332031090000 , 0.0785784970000 ," 576,981.6124000000000 "," 345,480.8537000000000 ",, 0.0000018100000 , 0.0000006340000 , 5.0000000000000 ," 316,088.0560000000000 ",
 0.3969232760000 , 0.1327157540000 , 19.3770735700000 , 80.1797710000000 ," 79,280.2846300000000 ",, 0.0000027200000 , 0.0000009090000 , 5.0000000000000 ," 313,278.0331000000000 ",
 0.6894649690000 , 0.8005866990000 , 0.2001502440000 , (80.7965119400000)," 396,312.6255000000000 ",, 0.0000002540000 , 0.0000000777000 , 5.0000000000000 ," 740,906.8314000000000 ",
 0.1674825820000 , 42.0564569000000 , 0.6364302500000 , (9.4631455660000)," 151,445.5219000000000 "," 433,000.0000000000000 ", 0.0000008790000 , 0.0000003030000 , 5.0000000000000 ," 24,023.1591300000000 ",
 0.7064757260000 , 0.0315861450000 , 0.9362122460000 ," 595,679.8242000000000 "," 80,615.4051700000000 ",, 0.0000005060000 , 0.0000001800000 , 5.0000000000000 ," 258,392.7359000000000 ",
 0.0519712840000 , 0.5412963350000 , 0.7090605190000 ," 755,133.6174000000000 "," 586,623.9183000000000 ", 45.2000000000000 ,,, 5.0000000000000 ," 492,725.9967000000000 ",
 0.8709691240000 , 0.7140869320000 , 0.8017280830000 ," 80,186.7568100000000 "," 476,838.8777000000000 ",, 0.0000002520000 , 0.0000000829000 , 5.0000000000000 ," (38,676.3092500000000)",
 0.3394501930000 , 0.8148251140000 , 0.0801148460000 ," 828,652.9061000000000 "," 783,469.5600000000000 ",, 0.0000010300000 , 0.0000003400000 , 5.0000000000000 ," 732,098.9165000000000 ",
 0.8948166560000 , 0.5475923760000 , 0.8172977700000 ," 940,880.1696000000000 "," 124,345.8414000000000 ",, 0.0000012900000 , 0.0000004350000 , 5.0000000000000 ," 573,682.4202000000000 ",
 0.4523182850000 , 19.7804001400000 , 53.7259018500000 ," 970,940.2496000000000 "," 177,153.5232000000000 ",, 0.0000005780000 , 0.0000001910000 , 5.0000000000000 ," 648,037.4116000000000 ",
 0.7315895220000 , (48.1995856400000), 0.0603520840000 , (21.8967478900000)," 405,422.8251000000000 ", 7.5300000000000 , 0.0000007980000 , 0.0000002660000 , 5.0000000000000 ," (51,139.5044400000000)",
 0.2192139870000 , 0.9758652560000 , 0.3368957920000 ," 481,277.9512000000000 "," 809,675.0363000000000 ",, 0.0000014400000 , 0.0000004650000 , 5.0000000000000 ," 258,561.6930000000000 ",
 0.1821179160000 , 0.7896985070000 , 57.5350361400000 ," 22,066.1486800000000 "," 982,521.2723000000000 "," 86,100.0000000000000 ", 0.0000028500000 , 0.0000009320000 , 5.0000000000000 ," 129,733.4424000000000 ",
 0.4981957160000 , 0.5553635510000 , 0.7192017780000 , 8.6611853130000 ," 280,334.7526000000000 ", 19.4000000000000 , 0.0000010500000 , 0.0000003580000 , 5.0000000000000 ," 690,631.7902000000000 ",
 0.6503256860000 , 0.1995424510000 , 0.6802282420000 ," 54,565.4082800000000 "," 599,461.1397000000000 "," 902,000.0000000000000 ", 0.0000026500000 , 0.0000009010000 , 5.0000000000000 ," (117,737.0832000000000)",
 0.0721984090000 , 0.0306525020000 , 0.2576828890000 ," 383,215.3659000000000 ", (2.1814194210000)," 443,000.0000000000000 ", 0.0000012000000 , 0.0000003840000 , 5.0000000000000 ," 232,854.4659000000000 ",
 0.4626229570000 , 27.8310691300000 , 0.7271690700000 ," 48,362.7110500000000 "," 820,487.5845000000000 ",, 0.0000026200000 , 0.0000008960000 , 5.0000000000000 ," (72,007.5569600000000)",
 0.7427065210000 , 0.4254933340000 , 0.3459349930000 , 98.7401046800000 ," 353,102.8889000000000 ",, 0.0000000109000 , 0.0000000036600 , 5.0000000000000 ," 327,324.5503000000000 ",
 (45.2893718900000), 0.9876495640000 , 0.0401091910000 ," 554,687.0248000000000 "," 825,932.3086000000000 ",, 0.0000012200000 , 0.0000004220000 , 5.0000000000000 ," 409,799.6534000000000 ",
 0.8670314960000 , 0.5786754090000 , 0.4386154190000 , 47.7427075300000 ," 598,562.9932000000000 "," 414,000.0000000000000 ", 0.0000005890000 , 0.0000002000000 , 5.0000000000000 ," 632,053.2368000000000 ",
 0.7252576600000 , (31.3137236400000), (46.1620217600000)," 957,945.8599000000000 "," 541,113.8249000000000 ", 62.2000000000000 , 0.0000019000000 , 0.0000006430000 , 5.0000000000000 ," 718,790.3410000000000 ",
 0.1315676850000 , 0.7158249650000 , 0.9090325210000 ," 666,521.9767000000000 "," 80,105.7266100000000 ",, 0.0000029200000 , 0.0000009780000 , 5.0000000000000 ," 453,872.5682000000000 ",
 0.1809769530000 , 0.8543850930000 , 0.4922778560000 , 98.6529936300000 ," 51,150.2056200000000 ",, 169.0000000000000 , 55.0195927300000 , 5.0000000000000 ," 225,414.1468000000000 ",
 0.2472310740000 , 28.3967776000000 , 0.4453052550000 ," 511,707.4471000000000 "," 483,294.2850000000000 ", 92.9000000000000 , 0.0000029300000 , 0.0000009110000 , 5.0000000000000 ," 394,345.3643000000000 ",
 0.5148173540000 , 0.3592333690000 , 0.5929508510000 ," 839,146.6081000000000 ", (12.3450834900000),, 0.0000012200000 , 0.0000004120000 , 5.0000000000000 ," 591,277.6597000000000 ",
 0.1635238730000 , 0.3910815370000 , 0.9694123220000 ," 62,041.4169600000000 "," 71,155.6788800000000 ", 26.5000000000000 , 0.0000001440000 , 0.0000000485000 , 5.0000000000000 ," (94,212.2451200000000)",
 0.2581334330000 , (5.7065845420000), 0.3251900640000 ," 566,018.4249000000000 "," 878,033.5128000000000 ", (36.3000000000000), 0.0000016600000 , 0.0000005660000 , 5.0000000000000 ," 446,555.2263000000000 ",
 0.4537895410000 , 0.2360504630000 , 0.0734967470000 ," 44,065.8615700000000 "," 185,276.8503000000000 ",, 0.0000020100000 , 0.0000006490000 , 5.0000000000000 ," (84,907.3783400000000)",
 0.1697579050000 , 7.2283855590000 , 0.3370031760000 ," 645,572.1814000000000 "," 45,585.1579500000000 ",, 27.5000000000000 , 9.1660019310000 , 5.0000000000000 ," 293,999.0518000000000 ",
 0.8288833660000 , 0.4308875240000 , 0.2487142730000 ," 842,165.3767000000000 "," 296,612.4822000000000 ",, (4.2700000000000), (1.4434130960000), 5.0000000000000 ," 731,322.3795000000000 ",
 0.6171449870000 , 0.7067772170000 , (2.9060358430000)," 169,887.0732000000000 "," 126,944.4138000000000 ",, 0.0000003930000 , 0.0000001290000 , 5.0000000000000 ," 127,352.0726000000000 ",
 0.1676192160000 , 0.0366714270000 , 0.7364020150000 ," 518,561.6887000000000 "," 245,847.4425000000000 ",, 0.0000014600000 , 0.0000004750000 , 5.0000000000000 ," 374,324.2577000000000 ",
 0.6638045280000 , 0.4746308760000 , 0.8441704490000 ," 989,505.3334000000000 "," 684,314.2489000000000 ",, 0.0000024200000 , 0.0000007660000 , 5.0000000000000 ," 671,353.1215000000000 ",
 0.8056701530000 ,, 0.8682712810000 ," 142,556.5550000000000 "," 382,139.4748000000000 ",, 0.0000009120000 , 0.0000003100000 , 5.0000000000000 ," 21,624.3330900000000 ",
 0.0393435410000 , 0.1221099140000 , 0.4521990280000 ," 415,443.0006000000000 "," 24,005.0448400000000 ",, 0.0000021600000 , 0.0000007630000 , 5.0000000000000 ," 263,003.3874000000000 ",
 0.9338750180000 , 0.3161561050000 , 0.5072348090000 ," 177,082.2554000000000 "," 98,424.1891000000000 ",, 0.0000007210000 , 0.0000002290000 , 5.0000000000000 ," (97,614.1584700000000)",
 0.0415728590000 , 0.1483432010000 , 0.9866301230000 ," 599,359.7250000000000 "," 728,656.2842000000000 ",, 0.0000000610000 , 0.0000000201000 , 5.0000000000000 ," 520,378.9569000000000 ",
 0.5155960290000 , 0.4888465800000 , 0.6668642580000 , (40.7236953000000)," 475,089.8729000000000 ",, 0.0000011000000 , 0.0000003600000 , 5.0000000000000 ," 275,882.1570000000000 ",
 (56.1929933600000), 0.0299735900000 , 0.3079299420000 , (79.2942940700000)," 280,600.8132000000000 ",, 0.0000019700000 , 0.0000006770000 , 5.0000000000000 ," 4,532.6656690000000 ",
 0.7046807630000 , 0.2018534520000 , 0.6734324330000 ," 782,425.8122000000000 "," 992,514.6202000000000 ",, (172.0000000000000), (56.2270233800000), 5.0000000000000 ," 731,576.4598000000000 ",
 0.9699120460000 , 0.0939007160000 , 0.6726021180000 ," 874,307.3341000000000 "," 830,622.7604000000000 ",, 0.0000012200000 , 0.0000004000000 , 5.0000000000000 ," 791,424.2347000000000 ",
 0.4437502190000 , 0.8681422540000 , 0.1771497890000 ," 399,332.5802000000000 "," 409,672.8693000000000 ",, 0.0000018200000 , 0.0000006420000 , 5.0000000000000 ," 126,990.4927000000000 ",
 0.6926259520000 , 0.8381152900000 , 0.9446142190000 ," 180,891.9014000000000 "," 799,157.9711000000000 ",, 0.0000004000000 , 0.0000001260000 , 5.0000000000000 ," 171,235.1579000000000 ",
 0.6832480280000 , 0.4971747640000 , 0.6178472400000 ," 730,870.3458000000000 "," 420,011.0043000000000 ",, 0.0000010700000 , 0.0000003620000 , 5.0000000000000 ," 517,573.5343000000000 ",
 0.8689049840000 , 0.5706097470000 , 0.0303870600000 ," 832,611.7733000000000 "," 804,165.5650000000000 ",, 0.0000014600000 , 0.0000004710000 , 5.0000000000000 ," 577,670.2300000000000 ",
 0.9309486960000 , 0.6895267510000 , 0.6765133860000 ," 59,617.3253400000000 "," 692,050.5530000000000 ",, 0.0000017800000 , 0.0000006020000 , 5.0000000000000 ," 106,998.3590000000000 ",
 0.2156751520000 , 0.6588854700000 , 0.3938644060000 ," 415,818.5680000000000 "," 548,588.4151000000000 ",, 0.0000012200000 , 0.0000004130000 , 5.0000000000000 ," 316,784.8129000000000 ",
 0.6512329770000 , 0.1065930300000 , 0.6578453050000 ," 519,611.6758000000000 "," 996,526.3088000000000 ",, 0.0000013000000 , 0.0000004360000 , 5.0000000000000 ," 538,776.2620000000000 ",
 0.9994137260000 , 0.0482120390000 , 0.9771741840000 ," 675,456.0453000000000 "," 396,000.9664000000000 ",, 0.0000026600000 , 0.0000008280000 , 5.0000000000000 ," 588,851.6651000000000 ",
 0.4041403220000 , 0.3270331620000 , 23.7283033100000 ," 355,439.3374000000000 "," 669,219.0299000000000 ",, 0.0000026100000 , 0.0000008350000 , 5.0000000000000 ," 260,195.7024000000000 ",
 0.3664615350000 , 0.3961726920000 , 0.6954672070000 ," 742,271.3923000000000 "," 25,199.0948200000000 ",, 0.0000007290000 , 0.0000002410000 , 5.0000000000000 ," 534,085.1135000000000 ",
 0.3885581010000 , 0.4486936230000 , 0.2375441310000 , 13.4815870600000 ," 563,892.9211000000000 ",, 0.0000002510000 , 0.0000000834000 , 5.0000000000000 ," 665,426.6092000000000 ",
 0.3732517920000 , 0.2272696270000 , 0.0731959240000 ," 694,953.1193000000000 "," 567,390.9442000000000 ",, 0.0000017700000 , 0.0000005800000 , 5.0000000000000 ," 448,020.5959000000000 ",
 0.6034485930000 , 0.6682127990000 , 0.6194903460000 ," 735,025.1862000000000 "," 610,107.9220000000000 ",, 0.0000027800000 , 0.0000009120000 , (12.0769498700000)," 571,692.1826000000000 ",
 0.4634940440000 , 0.3797857800000 , (39.0748861000000)," 133,182.1257000000000 ", (6.6145223520000),, 0.0000018000000 , 0.0000006220000 , 5.0000000000000 ," 34,127.7523000000000 ",
 0.5190817850000 , 0.4791818780000 , 0.0256420660000 ," 599,299.2870000000000 "," 513,707.8552000000000 ",, 0.0000005640000 , 0.0000001870000 , 5.0000000000000 ," 498,296.3371000000000 ",
 0.3412478280000 , 0.3801956190000 , 0.3988227810000 , 63.3883997300000 ," 496,239.2219000000000 ", (34.6000000000000), 0.0000022500000 , 0.0000007670000 , 5.0000000000000 ," (4,439.6402810000000)",
 0.9555236960000 , 0.0182325830000 , 0.1957779860000 ," 91,421.9918200000000 "," 625,681.9123000000000 "," 551,000.0000000000000 ", 0.0000006290000 , 0.0000002080000 , (46.4408053700000)," 12,893.5183400000000 ",
 0.4858717590000 , 0.2567765680000 , 0.2848729020000 ," 810,161.0900000000000 "," 429,673.3634000000000 ",, 0.0000002350000 , 0.0000000785000 , 5.0000000000000 ," 539,151.6949000000000 ",
 0.3072899650000 , 0.8030258980000 , 0.5391612770000 ," 913,041.4669000000000 ", 78.1937271800000 ,, 0.0000023700000 , 0.0000007480000 , 5.0000000000000 ," 800,713.6798000000000 ",
 0.3113076990000 , 0.6103337830000 , 0.7161506740000 , (78.7923038300000)," 198,644.5769000000000 ",, 0.0000023600000 , 0.0000008170000 , 5.0000000000000 ," 187,095.3100000000000 ",
 0.2726240010000 , 0.4135491020000 , 0.1218860930000 ," 306,415.4494000000000 "," 555,133.7868000000000 ", (86.6000000000000), 0.0000024000000 , 0.0000007930000 , 5.0000000000000 ," 174,726.1270000000000 ",
 (20.9932735400000), 0.6811178540000 , 0.1814383480000 ," 426,499.7472000000000 ", (25.0865724900000),, 0.0000015000000 , 0.0000004930000 , 5.0000000000000 ," 422,519.4275000000000 ",
 0.5251633840000 , 0.7090462620000 , 0.1068769230000 ," 87,788.2370600000000 "," 171,829.4604000000000 ",, (146.0000000000000), (46.8056112500000), 5.0000000000000 ," (43,457.8766200000000)",
 0.0434125330000 , 0.6331513760000 , 0.9514033420000 ," 668,876.5310000000000 "," 798,655.7804000000000 ",, 0.0000018300000 , 0.0000005870000 , 5.0000000000000 ," 420,455.1073000000000 ",
 30.9580707400000 , 0.2120448400000 , 0.6109809890000 ," 458,518.5622000000000 "," 564,590.6389000000000 "," 663,000.0000000000000 ", 0.0000013800000 , 0.0000004490000 , 5.0000000000000 ," 284,109.4690000000000 ",
 0.4110284700000 , 0.8398613030000 , 28.3461415200000 ," 679,066.6045000000000 ", (61.0919468700000),, 0.0000019000000 , 0.0000006640000 , 5.0000000000000 ," 429,788.3712000000000 ",
 0.3534213790000 , 0.2368705590000 , 0.7805255150000 ," 720,157.4609000000000 "," 287,221.2092000000000 ",, 0.0000011900000 , 0.0000003950000 , 11.3439369800000 ," 408,192.9624000000000 ",
 0.6675498990000 , 0.0955353140000 , 0.6238593250000 ," 256,191.5144000000000 "," 220,651.0596000000000 "," 138,000.0000000000000 ", 0.0000011200000 , 0.0000003830000 , 5.0000000000000 ," 209,094.2006000000000 ",
 0.7368737450000 , 0.8627970780000 , 0.2167398000000 ," 239,066.3841000000000 "," 758,040.4210000000000 "," 760,000.0000000000000 ", 0.0000015100000 , 0.0000004870000 , 5.0000000000000 ," 98,705.3410400000000 ",
 0.3909059960000 , 0.5944763350000 , 0.4967668590000 , (36.1915514200000)," 781,890.9130000000000 ", (97.1000000000000), 0.0000003440000 , 0.0000001200000 , 5.0000000000000 ," 154,734.5545000000000 ",
 0.4043187680000 , 0.4281996150000 , 0.7175977660000 , (54.4134685300000)," 671,708.8592000000000 ",, 0.0000028200000 , 0.0000009110000 , 5.0000000000000 ," 3,671.2647270000000 ",
 0.6924361510000 , 0.9912559940000 , 0.1283942890000 ," 575,060.5735000000000 "," 206,817.8931000000000 "," 504,000.0000000000000 ", 0.0000016100000 , 0.0000005200000 , 5.0000000000000 ," 376,837.8624000000000 ",
 0.1041096490000 , 0.7243388170000 , 0.5783869170000 ," 312,189.7366000000000 "," 427,466.5282000000000 "," 645,000.0000000000000 ", 0.0000024300000 , 0.0000007790000 , 5.0000000000000 ," 146,528.3037000000000 ",
 0.2266564020000 , 0.3549963060000 , 0.0694238430000 ," 909,252.6944000000000 ", (30.0798992400000),, 0.0000005130000 , 0.0000001830000 , 5.0000000000000 ," 614,410.0213000000000 ",
 25.7499706400000 , 0.5400119150000 , 0.8800790880000 ," 956,291.8815000000000 "," 376,676.4404000000000 ",, 0.0000002230000 , 0.0000000744000 , 5.0000000000000 ," 767,353.1684000000000 ",
 0.6508773690000 , 0.5329577870000 , 0.3243337530000 , 7.2705621180000 ," 486,173.6541000000000 ",, 0.0000005250000 , 0.0000001830000 , 5.0000000000000 ," 89,635.3217600000000 ",
 (4.9313052530000), 0.6694869550000 , 0.9941393610000 ," 248,539.8209000000000 "," 316,942.6218000000000 "," 809,000.0000000000000 ", 0.0000019600000 , 0.0000006370000 , 5.0000000000000 ," 33,011.4010400000000 ",
 0.4652056120000 , 0.0601423430000 , 0.5622968160000 , (44.5878549200000)," 764,650.9504000000000 ", (2.0200000000000), 0.0000023600000 , 0.0000007650000 , 5.0000000000000 ," 789,242.4181000000000 ",
 0.9576252850000 , 0.1753029420000 , (18.3070066700000)," 690,322.8469000000000 "," 945,024.0646000000000 ", 72.9000000000000 , 0.0000014900000 , 0.0000004840000 , 5.0000000000000 ," 526,802.8264000000000 ",
 0.2346420820000 , 0.3993159160000 , 0.1524160130000 ," 952,386.7524000000000 "," 328,822.6178000000000 ",, 0.0000027000000 , 0.0000009230000 , 5.0000000000000 ," 669,405.0911000000000 ",
 0.8420332940000 , 0.5209579770000 , 0.6235856880000 ," 312,919.5480000000000 ", 21.0895211900000 ,, 0.0000017500000 , 0.0000005920000 , 5.0000000000000 ," 346,155.8560000000000 ",
 0.0891244320000 , 0.7552704200000 , 0.1277134840000 ," 705,040.9064000000000 "," 741,977.7295000000000 ", (50.0000000000000), 0.0000001290000 , 0.0000000437000 , 5.0000000000000 ," 512,760.3309000000000 ",
 0.8260676300000 , 0.7820280880000 , 0.7087446980000 ," 252,314.7361000000000 "," 873,043.1470000000000 ",, 0.0000028000000 , 0.0000008900000 , 5.0000000000000 ," 286,775.8222000000000 ",
 39.7182837200000 , 0.0876427470000 , 0.9369578230000 ," 849,098.0200000000000 "," 383,397.1411000000000 ",, 0.0000018000000 , 0.0000006130000 , 5.0000000000000 ," 724,259.1429000000000 ",
 (54.3429875800000), 0.4969634830000 , 0.9921580150000 ," 460,898.3382000000000 "," 828,708.9838000000000 ", 24.7000000000000 , 0.0000012600000 , 0.0000004160000 , 5.0000000000000 ," 276,935.5656000000000 ",
 0.1163663980000 , 0.8174497080000 , (7.4096800720000)," 671,012.9805000000000 "," 697,024.1660000000000 ",, 0.0000005430000 , 0.0000001910000 , 5.0000000000000 ," 563,626.0368000000000 ",
 0.8779743200000 , 0.8680566900000 , 0.8059254000000 ," 879,279.5562000000000 "," 725,371.6002000000000 ",, 0.0000025700000 , 0.0000009080000 , 5.0000000000000 ," 811,778.0876000000000 ",
 0.7900304360000 , 0.3046791390000 , 0.0809192830000 ," 407,778.0344000000000 "," 886,380.3620000000000 ",, 0.0000001900000 , 0.0000000658000 , 5.0000000000000 ," 453,164.2529000000000 ",
 0.4029801790000 , 0.1735245150000 ,," 961,416.6196000000000 ", 88.7795780500000 ,, 0.0000017200000 , 0.0000005720000 , (8.6165299340000)," 733,454.5356000000000 ",
 0.3460997270000 , 0.9756102010000 , 0.6409720770000 ," 270,559.2565000000000 "," 248,791.7887000000000 ",, 0.0000003810000 , 0.0000001220000 , 5.0000000000000 ," 5,970.1429610000000 ",
 0.8224805640000 , (51.0512118800000), 0.8620144820000 ," 298,272.4542000000000 "," 775,505.2967000000000 "," 393,000.0000000000000 ", 0.0000026900000 , 0.0000008790000 , 5.0000000000000 ," 251,126.0827000000000 ",
 0.9227571910000 , 0.4870619190000 , 0.6062529380000 , 96.0280576700000 ," 10,715.2977000000000 "," 544,000.0000000000000 ", 0.0000015000000 , 0.0000004820000 , 5.0000000000000 ," (29,175.3252700000000)",
 0.0681723090000 , 0.0258119070000 , 0.1351662890000 ," 879,914.6267000000000 "," 505,520.7917000000000 "," 508,000.0000000000000 ", 0.0000014000000 , 0.0000004610000 , 5.0000000000000 ," 674,490.0324000000000 ",
 0.9631151120000 , 0.5495295360000 , 0.9658221610000 ," 138,371.5947000000000 "," 982,739.5409000000000 ",, 0.0000004940000 , 0.0000001620000 , 5.0000000000000 ," 183,381.2420000000000 ",
 0.2160381830000 , 0.6195879550000 , 0.6502010920000 ," 195,712.6401000000000 "," 820,253.3189000000000 ", 73.4000000000000 , 0.0000003770000 , 0.0000001260000 , 5.0000000000000 ," 100,911.7412000000000 ",
 0.4598004240000 , (33.6988803100000), 0.9948663170000 ," 752,114.3327000000000 ", (43.1031041600000),, (145.0000000000000), (50.5323685900000), 5.0000000000000 ," 618,415.4264000000000 ",
 0.0577805610000 , 0.6950352290000 , 0.9836789250000 ," 596,050.1158000000000 "," 995,734.4521000000000 "," 435,000.0000000000000 ", 0.0000023400000 , 0.0000007200000 , 5.0000000000000 ," 521,480.0029000000000 ",
 0.2391801040000 , 0.1422493690000 , 0.1213849390000 , 48.7807525800000 ," 345,016.8399000000000 ",, 0.0000006300000 , 0.0000002190000 , 5.0000000000000 ," 810,447.9600000000000 ",
 0.0622917980000 , 0.5094221280000 , 0.9966968540000 , 227.0382183000000 , (94.1604956000000),, 0.0000003040000 , 0.0000001040000 , 5.0000000000000 ," (104,504.7110000000000)",
 0.8139702700000 , 0.6152194380000 , 0.3062536210000 , 60.2005795300000 ," 167,814.5956000000000 ",, 0.0000027100000 , 0.0000008900000 , 5.0000000000000 ," 617,522.8738000000000 ",
 0.6238958360000 , 0.5270414640000 , 0.4260833840000 ," 67,604.7494700000000 "," 724,029.1888000000000 "," 929,000.0000000000000 ", 0.0000025100000 , 0.0000008230000 , 5.0000000000000 ," (96,866.1134200000000)",
 0.1307103770000 , 0.8866042150000 , 0.4497846490000 ," 430,535.8209000000000 "," 119,140.6720000000000 ",, 0.0000013400000 , 0.0000004620000 , 5.0000000000000 ," 240,513.8970000000000 ",
 0.1946225120000 , 0.3677593510000 , 0.4141297530000 ," 348,831.9075000000000 "," 374,824.9243000000000 ",, 0.0000017500000 , 0.0000005810000 , 16.1053231000000 ," 176,818.5825000000000 ",
 0.8275378960000 , 0.7336143810000 , 0.7693048940000 ," 718,718.1133000000000 "," 110,603.5989000000000 ",, 0.0000012100000 , 0.0000004110000 , 5.0000000000000 ," 612,861.0314000000000 ",
 0.1371097060000 , 0.5353101310000 , 0.2152018720000 ," 802,401.7845000000000 "," 341,244.4498000000000 ",, 0.0000013400000 , 0.0000004580000 , 5.0000000000000 ," 603,850.8743000000000 ",
 0.8443570830000 , 0.0980825810000 , 0.4882411370000 ," 986,895.9454000000000 "," 754,569.3612000000000 ",, 0.0000014200000 , 0.0000004760000 , 5.0000000000000 ," 869,641.6616000000000 ",
 0.4594467680000 , 0.7850165440000 , 0.8920846890000 ," 6,982.2618800000000 "," 403,480.9690000000000 "," 235,000.0000000000000 ", 0.0000012200000 , 0.0000004100000 , 5.0000000000000 ," (2,827.2273330000000)",
 0.9553346870000 , 0.7869033860000 , 0.3154068960000 ," 818,869.2705000000000 ", 10.6572832000000 ," 828,000.0000000000000 ", 0.0000021700000 , 0.0000007710000 , 41.6708878300000 ," 512,703.6485000000000 ",
 0.6881347060000 , 0.4376031240000 , 0.2546706220000 , 597.9388348000000 ," 307,819.1500000000000 ",, 0.0000027000000 , 0.0000009220000 , 5.0000000000000 ," (23,060.1435200000000)",
 0.0666520410000 , 0.5184080220000 , 0.1501690010000 ," 492,956.9717000000000 "," 330,155.9503000000000 "," 107,000.0000000000000 ", 0.0000005300000 , 0.0000001760000 , 5.0000000000000 ," 432,721.0455000000000 ",
 0.0416729010000 , 0.0847920160000 , 0.7163233880000 ," 298,066.2012000000000 "," 320,401.2861000000000 ",, 0.0000022800000 , 0.0000007660000 , 29.7964396500000 ," 250,997.8887000000000 ",
 0.9565013980000 , 0.7375083590000 , 0.3532514090000 ," 123,846.0267000000000 "," 70,535.6375900000000 ",, 0.0000004070000 , 0.0000001360000 , 5.0000000000000 ," (133,544.9599000000000)",
 (58.9362751500000), 0.1851955680000 , 0.1741093350000 ," 77,856.5196100000000 ", 64.6698320800000 ,, 0.0000005480000 , 0.0000001840000 , 5.0000000000000 ," 129,313.4298000000000 ",
 0.0983956500000 , 46.8294679300000 , 0.7643726620000 ," 859,645.3454000000000 "," 168,810.0058000000000 ", 42.5000000000000 , 0.0000012500000 , 0.0000004070000 , 5.0000000000000 ," 516,914.2111000000000 ",
 0.2650464280000 , 0.0209449610000 , 0.0821716670000 ," 13,228.8129100000000 "," 511,780.4566000000000 ",, 0.0000024000000 , 0.0000007950000 , 5.0000000000000 ," (128,451.8479000000000)",
 0.9678600350000 , 0.2954447770000 , 0.7692231480000 ," 934,795.5175000000000 "," 909,202.1362000000000 ",, 0.0000005320000 , 0.0000001710000 , 5.0000000000000 ," 691,171.3698000000000 ",
 0.6246635690000 , 0.3819396400000 , 0.2056872620000 ," 888,191.3497000000000 "," 199,219.6858000000000 ",, 0.0000015600000 , 0.0000005090000 , 5.0000000000000 ," 700,489.1368000000000 ",
 0.1213864180000 , 0.6150129680000 , (29.1662520700000)," 288,968.5249000000000 ", 6.6242958990000 ,, 0.0000018600000 , 0.0000006120000 , 5.0000000000000 ," 188,643.3338000000000 ",
 0.9684887780000 , 0.7987141920000 , 0.2928220370000 ," 167,566.5393000000000 ", (35.1455690100000),, 0.0000026400000 , 0.0000009120000 , 5.0000000000000 ," 46,952.9046100000000 ",
 25.3439845900000 , 0.6018815900000 , 0.5824226580000 ," 796,440.5615000000000 "," 739,469.2332000000000 ",, 0.0000007190000 , 0.0000002450000 , 5.0000000000000 ," 598,451.7601000000000 ",
 0.7480731790000 , 0.8117697880000 , 0.6564786070000 , (30.3685119700000)," 547,045.3456000000000 ",, 0.0000008980000 , 0.0000003020000 ,," 182,732.0964000000000 ",
 0.2246156120000 , 0.3721670240000 , 0.4320768830000 ," 273,988.0995000000000 "," 955,649.4673000000000 ",, 0.0000003230000 , 0.0000001100000 , 5.0000000000000 ," 102,512.4745000000000 ",
 0.4394049900000 , 0.6129395820000 , 0.9430758380000 ," 352,327.0543000000000 "," 43,100.1089500000000 ",, 0.0000011900000 , 0.0000004230000 , 5.0000000000000 ," 254,861.5452000000000 ",
 (16.1863800300000), 0.1215013760000 , 0.1974704900000 ," 392,217.7934000000000 "," 947,779.6980000000000 "," 141,000.0000000000000 ", 0.0000013700000 , 0.0000004420000 , 5.0000000000000 ," 422,783.1211000000000 ",
 0.9189265340000 , 0.2522410200000 ,," 627,668.8772000000000 "," 192,016.0847000000000 "," 146,000.0000000000000 ", 0.0000027200000 , 0.0000008690000 , 52.2938657900000 ," 516,968.8453000000000 ",
 0.7764474460000 , 0.6561618380000 , 0.1774287690000 ," 625,433.4502000000000 ", (9.1466003270000),, 0.0000027000000 , 0.0000009060000 , 5.0000000000000 ," 620,453.4694000000000 ",
 0.0431737360000 , 0.1648148160000 , 0.1317287730000 ," 355,957.7735000000000 "," 148,506.7816000000000 ",, 0.0000001390000 , 0.0000000471000 , 5.0000000000000 ," 158,598.7085000000000 ",
 0.7259799100000 , 0.8177853300000 , 0.2135113660000 ," 814,383.9207000000000 "," 382,123.4945000000000 ",, 0.0000025200000 , 0.0000008630000 , 5.0000000000000 ," 704,561.3028000000000 ",
 0.5058526930000 , 0.8407030280000 , 0.7328015450000 , 88.3694988200000 ," 237,483.3052000000000 ",, 0.0000025100000 , 0.0000008120000 , 5.0000000000000 ," 117,017.6626000000000 ",
 0.2975484510000 , 0.5650219930000 , (40.7713671200000)," 362,501.9845000000000 ", (64.0586668200000),, 0.0000027700000 , 0.0000009040000 , 5.0000000000000 ," 363,593.2344000000000 ",
 0.8733229160000 , 0.6362913540000 , 0.7611215370000 ," 469,040.7475000000000 "," 800,938.7215000000000 "," 180,000.0000000000000 ", (109.0000000000000), (37.3438541200000), 5.0000000000000 ," 456,994.1916000000000 ",
 0.1600716350000 , 0.4615574740000 , 0.0093316200000 ," 109,863.1137000000000 "," 883,683.9677000000000 ",, 0.0000001350000 , 0.0000000439000 , 5.0000000000000 ," 120,415.3943000000000 ",
 0.2466788650000 , (45.6980146500000), 0.9918099510000 ," 683,870.1249000000000 "," 25,348.6042600000000 ",, 0.0000013100000 , 0.0000004440000 , 5.0000000000000 ," 393,364.0563000000000 ",
 0.0991781000000 , 0.4014943160000 , 0.8000709690000 ," 316,101.3115000000000 "," 55,740.8535900000000 ",, 0.0000005760000 , 0.0000001900000 , 5.0000000000000 ," 108,576.1991000000000 ",
 0.2040356350000 , 0.5550849490000 , 0.7330712960000 ," 240,803.8161000000000 "," 386,807.2421000000000 "," 80,600.0000000000000 ", 0.0000000012800 , 0.0000000004020 , 5.0000000000000 ," 234,509.6603000000000 ",
 0.6159854500000 , 0.1880247350000 , 0.3553845690000 ," 147,163.2511000000000 "," 297,977.2355000000000 ", (79.4000000000000), 0.0000002450000 , 0.0000000792000 , 5.0000000000000 ," 140,712.4792000000000 ",
 0.7837917840000 , 0.5542265140000 , 0.0052296140000 ," 910,826.2647000000000 "," 6,047.0431840000000 ",, 0.0000011700000 , 0.0000003860000 , 5.0000000000000 ," 638,742.7970000000000 ",
 0.3269316160000 , 0.1488880500000 , 0.3056042150000 ," 741,566.1085000000000 ", 63.9046244200000 ,, 0.0000000714000 , 0.0000000234000 , (16.1166142200000)," 460,513.3956000000000 ",
 0.8766507620000 , 0.9963343380000 , 0.3683095310000 ," 553,993.2555000000000 "," 534,559.2192000000000 "," 195,000.0000000000000 ", 0.0000025500000 , 0.0000008750000 , 5.0000000000000 ," 488,148.8372000000000 ",
 0.4486106310000 , 0.7220709380000 , 33.3638936600000 , 84.3142946400000 , (2.9223401450000)," 328,000.0000000000000 ", 0.0000002800000 , 0.0000000946000 , 5.0000000000000 ," 176,625.3505000000000 ",
 0.5930443340000 , 0.3915256980000 , 0.4126218410000 , (36.6609169100000)," 759,823.6584000000000 "," 339,000.0000000000000 ", 0.0000019100000 , 0.0000006060000 , 5.0000000000000 ," 326,180.0534000000000 ",
 0.6956181460000 , 0.0032182640000 , 0.6195893370000 ," 952,062.4466000000000 "," 737,927.7690000000000 ",, 0.0000001620000 , 0.0000000536000 , 5.0000000000000 ," 742,853.1256000000000 ",
 0.3554930100000 , 0.7941973310000 , 0.0929906400000 ," 880,895.1605000000000 "," 49,605.9083500000000 ",, 0.0000019600000 , 0.0000006230000 , 5.0000000000000 ," 681,222.4599000000000 ",
 0.5882022670000 , 0.4809728900000 , 24.2710310000000 ," 465,036.3342000000000 "," 226,978.5395000000000 ",, 0.0000015100000 , 0.0000005040000 , 5.0000000000000 ," 221,342.4972000000000 ",
 0.0648535940000 , 0.5799837870000 , 0.5614845880000 ," 919,208.0311000000000 "," 423,770.1199000000000 ",, 0.0000008850000 , 0.0000002840000 , 5.0000000000000 ," 741,660.4632000000000 ",
 0.5606600940000 , 0.6034876670000 , 0.6764679370000 ," 961,550.7321000000000 "," 444,852.4328000000000 ",, 0.0000025300000 , 0.0000008420000 , 5.0000000000000 ," 740,265.3066000000000 ",
 0.3342383190000 , 0.7848969770000 , 0.7076809350000 , (6.8470153400000)," 848,471.7744000000000 ",, 0.0000029700000 , 0.0000009780000 , 5.0000000000000 ," 383,705.4336000000000 ",
 0.1474525270000 , 0.3281927540000 , 0.4340193660000 ," 741,627.2875000000000 "," 805,097.3120000000000 ",, 0.0000018300000 , 0.0000006390000 , 5.0000000000000 ," 506,739.2469000000000 ",
 61.7261254500000 , (26.9306935700000), 0.6361773650000 ," 356,982.4295000000000 "," 634,744.1411000000000 ",, 0.0000028900000 , 0.0000009140000 , 5.0000000000000 ," 337,829.0756000000000 ",
 0.8398022860000 , 0.3838329520000 , 0.5718722710000 ," 291,911.1735000000000 ", 13.7028826800000 ,, 20.7000000000000 , 6.5518545290000 , 59.3446726600000 ," 217,697.5633000000000 ",
 0.2987255740000 , 0.9406792450000 , 0.2592967590000 ," 252,172.8775000000000 "," 446,726.4687000000000 ",, 0.0000019000000 , 0.0000006550000 , 5.0000000000000 ," 240,647.6462000000000 ",
 0.4296568130000 , 0.8727302500000 , 0.8419335670000 ," 205,980.0359000000000 ", 943.4152676000000 ,, 0.0000030300000 , 0.0000009490000 , 5.0000000000000 ," 163,509.5653000000000 ",
 0.1861014180000 , 0.8026433100000 , 0.4581868870000 ," 977,283.8232000000000 "," 242,353.6951000000000 ",, 0.0000016600000 , 0.0000005320000 , 5.0000000000000 ," 678,350.1186000000000 ",
 0.4829688720000 , 0.1334799720000 , 0.0806015140000 , (90.2797318400000), (71.5404842400000),, 0.0000021300000 , 0.0000007030000 , 5.0000000000000 ," 742,839.7117000000000 ",
 0.7279393070000 , 0.4964611520000 , 0.4368507030000 ," 728,116.4373000000000 "," 600,251.4101000000000 ",, 0.0000005870000 , 0.0000001940000 , 5.0000000000000 ," 498,252.8069000000000 ",
 0.7295082290000 , 0.7655128990000 , 0.1589081680000 ," 769,746.6229000000000 "," 975,410.3677000000000 ", 69.6000000000000 , 0.0000022100000 , 0.0000007380000 , 5.0000000000000 ," 627,800.2450000000000 ",
 0.6102251490000 , 0.1353540820000 , 0.7513750860000 , 38.7217189000000 ," 648,464.5569000000000 ", 76.0000000000000 , 0.0000017500000 , 0.0000005730000 , 5.0000000000000 ," 358,905.1938000000000 ",
 0.6569551560000 , 0.9566146210000 , (49.1018184600000)," 897,397.3183000000000 "," 119,381.0113000000000 ",, 0.0000025800000 , 0.0000008620000 , 5.0000000000000 ," 685,438.2562000000000 ",
 0.0570547210000 , (50.7890315900000), 0.2617056840000 ," 815,745.3806000000000 "," 597,312.3783000000000 ",, 0.0000015700000 , 0.0000005180000 , (17.9305147000000)," 663,950.0227000000000 ",
 0.2469787990000 , 0.9062545810000 , 0.2495462000000 ," 473,435.6594000000000 "," 854,547.3932000000000 ", 73.7000000000000 , 0.0000007120000 , 0.0000002340000 , 5.0000000000000 ," 424,479.8238000000000 ",
 0.2719497260000 , 0.7593982620000 , 0.4497398420000 ," 869,649.6848000000000 "," 88,134.4309800000000 ",, 0.0000008710000 , 0.0000002690000 , 5.0000000000000 ," 535,337.0808000000000 ",
 0.7767105570000 , 0.0653661580000 , 0.4875711940000 ," 847,547.6331000000000 "," 181,817.6528000000000 ",, 0.0000015500000 , 0.0000005340000 , 5.0000000000000 ," 623,918.8893000000000 ",
 0.0336136000000 , 0.0626532030000 , 0.9064374530000 ," 165,499.7747000000000 "," 706,604.1290000000000 "," 535,000.0000000000000 ", 0.0000012000000 , 0.0000003960000 , 5.0000000000000 ," 90,743.1888900000000 ",
 0.1392453710000 , 0.5324206820000 , 47.0353700300000 ," 635,323.3467000000000 "," 196,486.9670000000000 "," 212,000.0000000000000 ", 0.0000015300000 , 0.0000004890000 , 5.0000000000000 ," 506,117.3180000000000 ",
 0.3473433260000 , 0.8998333460000 , 0.0218233970000 ," 41,497.3255100000000 "," 322,067.5352000000000 ", (48.5000000000000), 0.0000008250000 , 0.0000002680000 , 5.0000000000000 ," (73,393.9100000000000)",
 0.6637896860000 , 0.9633944340000 , 0.5601681830000 ," 857,934.9140000000000 "," 666,927.4475000000000 "," 435,000.0000000000000 ", 0.0000014400000 , 0.0000004710000 , 5.0000000000000 ," 697,757.7024000000000 ",
 3.2246314630000 , 0.6541746010000 , 0.1980976330000 ," 726,084.8515000000000 "," 121,302.9980000000000 ",, 0.0000016000000 , 0.0000005440000 , 5.0000000000000 ," 547,725.2212000000000 ",
 0.5653302550000 , 0.4639324870000 , 0.9720053300000 ," 532,470.9079000000000 "," 564,416.5878000000000 ",, 0.0000022300000 , 0.0000007600000 , 5.0000000000000 ," 363,614.4800000000000 ",
 0.1512468290000 , 0.2253169300000 , 0.2509666610000 ," 969,818.8646000000000 "," 727,631.1377000000000 ",, 0.0000025900000 , 0.0000008750000 , 5.0000000000000 ," 667,848.5593000000000 ",
 0.8506160580000 , 0.5612227880000 , 0.5233909110000 ," 762,212.0583000000000 "," 591,716.9689000000000 ",, 0.0000013700000 , 0.0000004540000 , 5.0000000000000 ," 672,876.0612000000000 ",
 13.6065177500000 , 0.8601396930000 , 0.7228143030000 ," 666,685.6519000000000 "," 623,379.5660000000000 ",, 0.0000025800000 , 0.0000008500000 , 5.0000000000000 ," 484,611.1262000000000 ",
 0.0817253460000 , 0.4583006420000 , 0.4846962870000 ," 519,312.6926000000000 "," 197,555.9057000000000 ",, 0.0000016000000 , 0.0000005790000 , 5.0000000000000 ," 246,508.5991000000000 ",
 0.1657745400000 , 0.9456981470000 , 0.8499753710000 , (99.6168587600000)," 84,966.2898900000000 ",, 0.0000026300000 , 0.0000009010000 , 5.0000000000000 ," 49,754.8861400000000 ",
 0.6509734670000 , 0.5454318690000 , 0.0622731060000 ," 558,171.1839000000000 "," 347,002.3354000000000 ",, 0.0000019100000 , 0.0000006040000 , (3.9263786490000)," 264,997.5228000000000 ",
 43.4689036800000 , 0.8064036170000 , 0.4592398780000 ," 922,645.1396000000000 "," 502,371.8200000000000 ",, 0.0000002330000 , 0.0000000787000 , 5.0000000000000 ," 759,198.4977000000000 ",
 0.0519565780000 , 0.7862781990000 , 0.2013637820000 ," 737,132.4140000000000 "," 36,712.9434800000000 ",, 0.0000011900000 , 0.0000004030000 , 5.0000000000000 ," 498,621.3131000000000 ",
 0.2586208350000 , 0.1647063530000 , 0.3302150650000 ," 336,323.3943000000000 "," 920,535.8851000000000 ", (67.0000000000000), 0.0000002670000 , 0.0000000892000 , 5.0000000000000 ," 407,027.4317000000000 ",
 0.7567515060000 , 0.5193858600000 , 0.2048812740000 ," 552,814.8757000000000 "," 740,663.5811000000000 ",, (26.9000000000000), (8.4925991050000), 5.0000000000000 ," 436,447.5201000000000 ",
 0.8778300780000 , 0.8795818550000 , 0.8705784250000 ," 85,403.0301600000000 "," 972,461.3900000000000 ", (59.1000000000000), 0.0000016900000 , 0.0000005610000 , 5.0000000000000 ," 64,171.8702600000000 ",
 0.7720124760000 , 0.0271674210000 , 0.0652045910000 ," 429,149.4920000000000 "," 74,895.8420000000000 ",, 0.0000031000000 , 0.0000009760000 , 5.0000000000000 ," 343,998.6593000000000 ",
 0.4639313770000 , 0.9092202060000 , 0.5387017980000 ," 837,472.5196000000000 "," 239,819.9522000000000 ",, 0.0000013000000 , 0.0000004240000 , 5.0000000000000 ," 687,499.1370000000000 ",
 49.9428346600000 , 0.7979141600000 , 0.3959704730000 ," 262,408.3765000000000 "," 421,712.6175000000000 "," 39,900.0000000000000 ", 0.0000007870000 , 0.0000002500000 , 5.0000000000000 ," 268,657.2088000000000 ",
 0.9150900680000 , 0.5330288670000 , 0.1579548230000 ," 449,078.5141000000000 "," 577,613.0806000000000 ",, 0.0000019400000 , 0.0000006910000 , 5.0000000000000 ," 303,051.0730000000000 ",
 0.1659548950000 , 0.8819277580000 , 0.4274896880000 , 7.1029803350000 ," 343,275.4891000000000 "," 852,000.0000000000000 ", 0.0000021200000 , 0.0000007140000 , 5.0000000000000 ," 25,846.2650600000000 ",
 0.5273996220000 , 0.7193536220000 , 0.8902580530000 ," 16,028.1564600000000 "," 963,685.1887000000000 ",, 0.0000012100000 , 0.0000004160000 , 5.0000000000000 ," 42,770.5543900000000 ",
 0.0794065850000 , 0.7314964900000 , 0.1874119440000 ," 603,213.0621000000000 "," 79,715.0731900000000 ",, 0.0000011800000 , 0.0000003680000 , 5.0000000000000 ," 334,557.4798000000000 ",
 0.8581770530000 , 0.8190635140000 , 0.5407937550000 ," 932,566.7087000000000 "," 575,665.2530000000000 ",, 0.0000009530000 , 0.0000003100000 , 5.0000000000000 ," 832,599.4419000000000 ",
 0.7102427990000 , 0.3143501130000 , 0.4711678990000 ," 581,721.5275000000000 "," 766,347.2131000000000 "," 406,000.0000000000000 ", 0.0000019700000 , 0.0000006660000 , 5.0000000000000 ," 485,811.9708000000000 ",
 0.8216368980000 , 0.4592651970000 , 0.3577982650000 ," 879,837.7479000000000 "," 648,682.9534000000000 ",, 0.0000014400000 , 0.0000004600000 , 5.0000000000000 ," 587,335.0225000000000 ",
 0.4942124470000 , 0.8282492520000 , 0.3352080470000 ," 623,505.3112000000000 "," 131,287.9720000000000 ",, 0.0000006420000 , 0.0000002100000 , 5.0000000000000 ," 460,536.9085000000000 ",
 0.1737615930000 , 0.7120140200000 , 0.8259782130000 ," 201,794.9483000000000 "," 908,826.4977000000000 ",, 0.0000026900000 , 0.0000008970000 , 5.0000000000000 ," 87,762.0808600000000 ",
 0.1006374790000 , 0.2398741130000 , 0.1419719900000 ," 676,398.3689000000000 "," 300,966.3196000000000 ",, 0.0000006590000 , 0.0000002280000 , 5.0000000000000 ," 562,712.1375000000000 ",
 0.6511475850000 , 0.6209285670000 ,," 616,621.9782000000000 "," 40,333.8521400000000 ",, 0.0000002330000 , 0.0000000751000 , (19.8397538300000)," 437,749.6621000000000 ",
 0.8414475530000 , 0.4712871670000 , 0.9791049380000 ," 468,556.9946000000000 ", 40.2357436700000 ,, 0.0000019800000 , 0.0000006450000 , 5.0000000000000 ," 147,897.0071000000000 ",
 0.6341421380000 , 0.1262647420000 , 0.6761775620000 ," 209,097.3646000000000 ", (22.9938637500000),, 0.0000020300000 , 0.0000007080000 , 5.0000000000000 ," 139,081.6053000000000 ",
 0.8370411250000 , 0.2792760880000 , 0.6428819100000 ," 816,655.2432000000000 "," 885,238.8787000000000 "," 86,700.0000000000000 ", 0.0000013600000 , 0.0000004370000 , 5.0000000000000 ," 787,778.7968000000000 ",
 0.7660647770000 , 0.7884473430000 , 0.6649849030000 ," 363,403.9320000000000 "," 938,181.1725000000000 ",, 0.0000007660000 , 0.0000002570000 , 5.0000000000000 ," 360,492.9426000000000 ",
 0.2602868580000 , 0.9071950310000 , (29.2654851200000)," 332,172.5221000000000 "," 700,808.4180000000000 ",, 0.0000011200000 , 0.0000003670000 , 5.0000000000000 ," 168,096.5690000000000 ",
 0.4603582710000 , 0.8645636100000 , 0.5466482200000 ," 738,546.0534000000000 "," 63,794.5562500000000 ",, 0.0000011200000 , 0.0000003840000 , 5.0000000000000 ," 527,385.1564000000000 ",
 0.3804005490000 , 0.9768003290000 , 0.1107205930000 ," 282,765.4571000000000 "," 304,490.4244000000000 "," 983,000.0000000000000 ", 0.0000019700000 , 0.0000006510000 , 5.0000000000000 ," 12,771.1756800000000 ",
 0.7036859770000 , 0.5406984770000 , 0.0965344700000 , (0.3552519460000)," 474,308.6649000000000 ",, 0.0000004240000 , 0.0000001380000 , 5.0000000000000 ," 272,631.7200000000000 ",
 0.2418938280000 , 0.0124040360000 , 0.4687679650000 ," 354,797.2897000000000 "," 399,983.0183000000000 ",, 0.0000014600000 , 0.0000004960000 , 5.0000000000000 ," 338,976.6383000000000 ",
 0.3012652610000 , 0.5983574840000 , 0.2972378080000 ," 583,307.2482000000000 "," 884,343.4280000000000 ",, 0.0000019100000 , 0.0000006790000 , 5.0000000000000 ," 572,737.3990000000000 ",
 0.2999191120000 , 0.7431931990000 , 0.0481428360000 ," 597,808.0134000000000 "," 664,739.2049000000000 ",, 0.0000026600000 , 0.0000009610000 , 5.0000000000000 ," 481,981.7856000000000 ",
 0.9028949950000 , 0.8522638740000 , 0.6678046830000 , 46.7617427900000 ," 410,731.5435000000000 "," 505,000.0000000000000 ", 0.0000024600000 , 0.0000008070000 , 5.0000000000000 ," 511,248.6844000000000 ",
 0.5932215700000 , (17.9378810100000), 0.1853301800000 ," 7,353.0445540000000 ", 9.3844661610000 ," 661,000.0000000000000 ", 0.0000011800000 , 0.0000003970000 , 5.0000000000000 ," (79,302.9791200000000)",
 0.0789691620000 , 39.1490179100000 , 0.7945782790000 ," 38,400.8773300000000 "," 368,250.1074000000000 ",, 0.0000017700000 , 0.0000005690000 , 5.0000000000000 ," (183,949.1020000000000)",
 0.0346702670000 , 0.5828068350000 , 0.9954375160000 ," 420,736.5626000000000 "," 501,945.4051000000000 ",, (61.6000000000000), (20.2798089100000), 5.0000000000000 ," 176,303.5891000000000 ",
 0.8313735140000 , 0.5989785080000 , 30.6291976200000 ," 864,366.2665000000000 "," 456,888.0717000000000 ",, 0.0000019800000 , 0.0000006690000 , 5.0000000000000 ," 663,592.8629000000000 ",
 0.0938572850000 , 0.9096268190000 , 0.6692002630000 ," 386,050.9357000000000 "," 966,706.1400000000000 ",, 0.0000025400000 , 0.0000008330000 , 5.0000000000000 ," 268,661.3772000000000 ",
 0.4345959610000 , 0.7738796560000 , 0.6019234310000 ," 877,749.4049000000000 "," 203,994.6036000000000 ",, 0.0000009760000 , 0.0000003270000 , 5.0000000000000 ," 544,515.1754000000000 ",
 0.8925232900000 , 0.4433800140000 , 0.6070895790000 ," 557,688.6912000000000 "," 54,610.3032100000000 ",, 0.0000029200000 , 0.0000009300000 , 5.0000000000000 ," 213,923.8097000000000 ",
 0.2374334680000 , 0.5123637780000 , 0.1042248030000 ," 857,857.7835000000000 "," 304,903.1244000000000 ",, 0.0000003400000 , 0.0000001130000 , 5.0000000000000 ," 714,257.6535000000000 ",
 0.9505310530000 , 0.6006510670000 , 0.7435939160000 ," 471,626.3652000000000 "," 227,481.6037000000000 ", (5.3300000000000), 0.0000007110000 , 0.0000002390000 , 45.4942964900000 ," 384,447.5577000000000 ",
 0.9715326910000 , 0.3313470070000 , 0.4820410580000 ," 983,711.5832000000000 "," 50,175.3503200000000 ",, 0.0000017500000 , 0.0000006130000 , 5.0000000000000 ," 811,908.1914000000000 ",
 0.1960977130000 , 0.6107800710000 , 0.2806832160000 , 48.9014073300000 ," 281,825.0033000000000 ", (31.0000000000000), 0.0000016700000 , 0.0000005480000 , 5.0000000000000 ," 597,244.1996000000000 ",
 0.2069925780000 , 0.5165726280000 , 0.0055057990000 ," 39,361.8798200000000 "," 21,846.7119900000000 ",, 0.0000007840000 , 0.0000002590000 , 5.0000000000000 ," (174,840.4111000000000)",
 0.0076640330000 , (32.3132551500000), 0.0367213630000 ," 134,433.4274000000000 "," 467,720.6160000000000 ",, 0.0000003500000 , 0.0000001190000 , 5.0000000000000 ," 12,542.7442400000000 ",
 0.5720486430000 , 0.5126677260000 , 0.2934888230000 ," 10,513.2245400000000 "," 761,889.8944000000000 ",, 180.0000000000000 , 59.1396818300000 , 5.0000000000000 ," (130,234.7019000000000)",
 0.9317537190000 , 0.3970150410000 , 0.0870927670000 , (34.3550914300000), 13.0671366100000 ,, 0.0000011000000 , 0.0000003510000 , 5.0000000000000 ," 309,159.1270000000000 ",
 0.5074119390000 , 0.8742225250000 , 0.4935465800000 ," 335,816.3646000000000 "," 615,069.7540000000000 "," 927,000.0000000000000 ", 0.0000001740000 , 0.0000000612000 , 5.0000000000000 ," 115,421.8679000000000 ",
 0.2747315260000 , 0.3945760760000 , 0.4218281790000 ," 278,694.3159000000000 "," 958,871.8732000000000 ",, 0.0000001350000 , 0.0000000467000 , 5.0000000000000 ," 327,928.6593000000000 ",
 0.9550605110000 , (51.7725964600000), 0.0015651050000 ," 578,541.8182000000000 ", 48.6999728600000 ,, 0.0000012700000 , 0.0000004090000 , 5.0000000000000 ," 458,139.1269000000000 ",
 0.1144876380000 , 0.3838388830000 , 0.4562365090000 ," 966,558.4394000000000 "," 944,707.3817000000000 "," 335,000.0000000000000 ", 0.0000015000000 , 0.0000005080000 , 5.0000000000000 ," 854,984.7152000000000 ",
 0.3690530220000 , 0.1210250000000 , 0.4189477900000 ," 570,853.9363000000000 "," 909,595.3911000000000 ", 18.4000000000000 , 0.0000024500000 , 0.0000008110000 , 5.0000000000000 ," 605,313.8539000000000 ",
 0.0101311840000 , 0.6360960460000 , 0.9132869480000 ," 692,908.9110000000000 "," 733,160.3781000000000 ", (89.8000000000000), 0.0000001580000 , 0.0000000552000 , 5.0000000000000 ," 414,725.7607000000000 ",
 0.6125734680000 , 0.8736985930000 , 0.7239730550000 ," 287,511.1994000000000 ", 68.3998331300000 ,, 0.0000001060000 , 0.0000000377000 , 5.0000000000000 ," 171,323.4588000000000 ",
 0.5771998870000 , 0.0437390720000 , 0.1230032950000 ," 515,167.0284000000000 "," 990,285.1706000000000 ",, 0.0000022300000 , 0.0000007140000 , 5.0000000000000 ," 404,411.5009000000000 ",
 0.3063134990000 , 0.7889851600000 , 0.4464195160000 ," 576,488.9031000000000 "," 342,069.4347000000000 ",, 0.0000021000000 , 0.0000006750000 , 5.0000000000000 ," 313,300.1064000000000 ",
 7.3383357110000 , 0.8224223740000 , 0.8575623380000 ," 238,289.6706000000000 "," 224,382.9798000000000 ", (70.7000000000000), 0.0000021600000 , 0.0000007310000 , 5.0000000000000 ," 94,614.2180500000000 ",
 0.9166352360000 , 0.4309852210000 , 0.3188668180000 , 19.6202834000000 ," 9,087.0349510000000 ",, 0.0000002260000 , 0.0000000742000 , 5.0000000000000 ," 45,008.3234900000000 ",
 0.5821987470000 , 0.3711724230000 , 0.6010741670000 ," 511,093.8215000000000 "," 445,517.8145000000000 ",, 0.0000025500000 , 0.0000008400000 , 5.0000000000000 ," 229,410.1330000000000 ",
 0.7055858630000 , 0.6884050180000 , 0.3745528870000 ," 571,199.1840000000000 "," 863,431.5778000000000 ",, 0.0000027100000 , 0.0000008950000 , 5.0000000000000 ," 562,987.7304000000000 ",
 0.1668602020000 , 0.4305293380000 , 0.1425941440000 ," 569,206.4631000000000 "," 867,979.6267000000000 ",, 0.0000029100000 , 0.0000009900000 , 5.0000000000000 ," 440,998.2178000000000 ",
 0.0254477600000 , 0.6458223860000 , 0.6369023170000 ," 457,900.2951000000000 "," 394,479.3908000000000 ", 61.5000000000000 , 0.0000008320000 , 0.0000002810000 , 5.0000000000000 ," 204,695.6986000000000 ",
 0.3112174950000 , 0.6771206400000 , 0.6057792490000 ," 247,631.6431000000000 "," 348,051.9555000000000 "," 896,000.0000000000000 ", 0.0000026500000 , 0.0000009040000 , 14.3031842000000 ," 12,869.0205000000000 ",
 0.4540016210000 , (2.4316713040000), 0.1405529680000 ," 526,094.0133000000000 "," 687,769.2064000000000 ",, 0.0000018600000 , 0.0000006250000 , 5.0000000000000 ," 464,278.5527000000000 ",
 0.2892447720000 , 0.9000831830000 , 0.1161389600000 ," 444,712.7769000000000 "," 576,544.9900000000000 ",, 0.0000022400000 , 0.0000007440000 , 5.0000000000000 ," 186,810.7065000000000 ",
 0.6029428760000 , 0.8267073600000 , 39.4421867400000 ," 607,324.4168000000000 "," 88,578.3396400000000 ",, 0.0000016300000 , 0.0000005660000 , 5.0000000000000 ," 340,917.9282000000000 ",
 0.2884054380000 , 0.9611354850000 , 0.3894818950000 , 58.0334274500000 , (53.7793950700000),, 0.0000021200000 , 0.0000006910000 , 5.0000000000000 ," (65,757.3220600000000)",
 0.3855119050000 , 0.3403871040000 , 0.5414076070000 ," 210,969.8906000000000 "," 841,622.0075000000000 "," 30,400.0000000000000 ", 0.0000019300000 , 0.0000006510000 , 5.0000000000000 ," 285,278.1362000000000 ",
 0.7619018130000 , 0.8336499620000 , 0.4404413500000 ," 133,778.1450000000000 "," 953,307.1676000000000 "," 72,700.0000000000000 ", 0.0000021800000 , 0.0000007510000 , 5.0000000000000 ," 223,802.5704000000000 ",
 0.3023332490000 , 0.2593348970000 , 0.1946238370000 ," 199,093.4199000000000 "," 347,822.3474000000000 "," 620,000.0000000000000 ", 0.0000017900000 , 0.0000006030000 , 31.2142234000000 ," 46,850.3599800000000 ",
 0.0576475820000 , 0.3424479790000 , 0.2702476920000 ," 544,801.0853000000000 "," 125,643.4924000000000 ",, 138.0000000000000 , 46.6243050200000 , 5.0000000000000 ," 398,690.2798000000000 ",
 0.9664173860000 , 0.5577088260000 , 0.3472770390000 ," 238,751.7711000000000 "," 213,542.8545000000000 ",, 0.0000001340000 , 0.0000000438000 , 5.0000000000000 ," 118,947.3718000000000 ",
 0.5804676010000 , 0.1391967010000 , 0.4440437490000 ," 704,031.4526000000000 "," 217,452.9322000000000 "," 367,000.0000000000000 ", 0.0000018500000 , 0.0000006230000 , 5.0000000000000 ," 524,849.7235000000000 ",
 0.6262343210000 , 0.4888978320000 , 0.4017788010000 ," 390,917.4268000000000 ", 41.8346506300000 ,, 0.0000000747000 , 0.0000000239000 , 5.0000000000000 ," 203,915.1548000000000 ",
 0.9938483890000 , 0.8803147620000 , 0.6234059580000 ," 800,137.5828000000000 "," 241,658.9208000000000 ",, 0.0000009760000 , 0.0000003330000 , 5.0000000000000 ," 690,784.6611000000000 ",
 0.5693773610000 , 0.6206604800000 , 0.2013121080000 ," 316,904.1377000000000 "," 266,794.5494000000000 ",, 0.0000007930000 , 0.0000002630000 , 5.0000000000000 ," 166,489.7775000000000 ",
 0.3951377430000 , 0.0394595330000 , 0.4755460370000 ," 777,727.9101000000000 "," 858,322.9389000000000 ",, 0.0000019500000 , 0.0000006890000 , 5.0000000000000 ," 544,567.4652000000000 ",
 0.9094546110000 , 0.7221432350000 , 0.5333866290000 ," 60,905.5432400000000 ", 30.0712804000000 ,, 0.0000016900000 , 0.0000005920000 , 5.0000000000000 ," 144,877.1151000000000 ",
 0.8699691600000 , 0.1306523440000 , 0.7905097940000 ," 409,182.5875000000000 "," 329,379.2693000000000 ",, 0.0000004510000 , 0.0000001470000 , 5.0000000000000 ," 201,946.6487000000000 ",
 0.1248208140000 , 0.7942106630000 , 0.2757675680000 ," 766,245.4728000000000 "," 304,094.6360000000000 ", (23.5000000000000), 0.0000022900000 , 0.0000008120000 , 5.0000000000000 ," 468,020.5717000000000 ",
 0.8770905810000 , 0.9440420940000 , 0.1487959690000 ," 293,916.7605000000000 "," 446,326.3600000000000 ",, 0.0000021800000 , 0.0000007530000 , 5.0000000000000 ," 111,381.7615000000000 ",
 0.2857835560000 , 0.2032230910000 , 0.7617981910000 ," 156,362.1416000000000 "," 751,798.1636000000000 ",, 0.0000017000000 , 0.0000006210000 , 5.0000000000000 ," 80,216.4912400000000 ",
 0.3865405070000 , 0.5112754620000 , 0.4923254800000 , 54.7669455000000 ," 474,434.9141000000000 "," 334,000.0000000000000 ", 0.0000014500000 , 0.0000005000000 , 5.0000000000000 ," 206,146.6718000000000 ",
 0.4075842090000 , 0.8275189220000 , 0.7645277950000 ," 631,722.4183000000000 "," 518,747.8471000000000 "," 51,200.0000000000000 ", 0.0000020900000 , 0.0000006930000 , 5.0000000000000 ," 590,995.2599000000000 ",
 0.1092642100000 , 0.8539619670000 , 0.4391498170000 ," 181,763.5978000000000 "," 504,132.8419000000000 ", (86.2000000000000), 0.0000017700000 , 0.0000005610000 , 5.0000000000000 ," 134,656.4645000000000 ",
 (16.8745522900000), 0.8930902050000 , 0.0624575940000 ," 258,107.6432000000000 "," 463,985.4174000000000 ", 20.3000000000000 , 0.0000016100000 , 0.0000005280000 , 5.0000000000000 ," 245,355.8104000000000 ",
 0.8834647630000 , 0.4483190550000 , 0.5104324890000 , (86.0129271200000)," 867,702.0979000000000 ", 67.4000000000000 , (84.2000000000000), (27.9781822800000), 5.0000000000000 ," 710,050.0869000000000 ",
 0.4768434680000 , 0.6877220420000 ,," 767,764.6177000000000 ", (12.5083545400000), (3.7500000000000), 101.0000000000000 , 31.5263204200000 , 5.0000000000000 ," 488,956.1949000000000 ",
 0.2107049640000 , 0.9574480190000 , 0.0088632850000 ," 638,963.0220000000000 "," 81,447.2128900000000 ",, 0.0000024200000 , 0.0000007680000 , 5.0000000000000 ," 432,614.5574000000000 ",
 0.9978208560000 , 0.6768212990000 , 0.8284692990000 ," 292,655.0977000000000 "," 545,427.9502000000000 ",, 0.0000009070000 , 0.0000003120000 , 5.0000000000000 ," 285,674.1934000000000 ",
 0.8341445970000 , 0.7404761320000 , 0.1428502870000 ," 104,313.0874000000000 "," 145,515.4828000000000 ",, 0.0000025600000 , 0.0000008810000 , 5.0000000000000 ," (130,965.8734000000000)",
 0.7534279220000 , 0.7689227820000 , 0.6585405160000 ," 528,189.2618000000000 "," 467,260.9960000000000 ",, 0.0000017600000 , 0.0000005930000 , 5.0000000000000 ," 481,297.2294000000000 ",
 0.7661159330000 , 0.8459214400000 , 0.6136041140000 ," 649,556.0068000000000 "," 867,999.5919000000000 ",, 0.0000020400000 , 0.0000006780000 , 5.0000000000000 ," 442,094.8238000000000 ",
 0.4075430310000 , 0.4071064890000 , 0.0660098440000 ," 49,308.9871100000000 "," 257,479.2165000000000 ",, 0.0000007970000 , 0.0000002770000 , 5.0000000000000 ," 39,951.7091900000000 ",
 0.5225765990000 , 0.2995656780000 , 0.0768620750000 ," 112,503.1305000000000 "," 735,920.4064000000000 ",, 0.0000000928000 , 0.0000000311000 , 5.0000000000000 ," 120,886.7077000000000 ",
 0.5006242680000 , 0.7945155440000 , 0.7070864770000 ," 639,107.8470000000000 "," 340,961.9736000000000 "," 998,000.0000000000000 ", 0.0000023800000 , 0.0000007620000 , 5.0000000000000 ," 314,916.3524000000000 ",
 0.0502260110000 , 0.0729018350000 , 0.4028732830000 ," 263,551.4795000000000 "," 279,130.4708000000000 ",, 0.0000025600000 , 0.0000008410000 , 49.1291594800000 ," 7,315.9722030000000 ",
 0.2952904940000 , 0.2323843230000 , 0.2810044990000 ," 24,644.4046400000000 "," 696,688.9879000000000 ",, 0.0000011200000 , 0.0000003670000 , 5.0000000000000 ," (81,464.6076600000000)",
 0.8034827430000 , 0.9292280540000 , 0.4051026950000 ," 836,378.5774000000000 "," 974,439.3106000000000 ",, 0.0000013100000 , 0.0000004470000 , 5.0000000000000 ," 574,398.6891000000000 ",
 0.9061110020000 , 0.3214957010000 , 0.4764369860000 ," 65,276.7575700000000 "," 821,839.3228000000000 ",, 0.0000030500000 , 0.0000009540000 , 5.0000000000000 ," (8,437.5150040000000)",
 0.2260289980000 , 0.6404760420000 , 0.9789811150000 ," 647,342.1344000000000 "," 128,349.9266000000000 ", (15.9000000000000), 0.0000028300000 , 0.0000009220000 , 1.7791534130000 ," 387,485.3416000000000 ",
 0.1229206780000 , 0.8886590800000 , 0.5030839510000 ," 39,947.9732900000000 "," 362,293.4900000000000 ",, 0.0000029000000 , 0.0000009310000 , 5.0000000000000 ," (141,845.0971000000000)",
 0.7139526330000 , 0.8225347940000 , 0.8039585080000 ," 641,086.1036000000000 "," 311,652.9167000000000 ",, 0.0000012800000 , 0.0000004250000 , 5.0000000000000 ," 441,312.2760000000000 ",
 0.5525009670000 , 0.5201698920000 , 0.1428759610000 , 41.8573746700000 ," 972,568.2356000000000 ",, 0.0000015700000 , 0.0000005420000 , 5.0000000000000 ," 90,878.7657800000000 ",
 0.7753461500000 , 0.2714093800000 , 0.4966954230000 ," 477,867.3549000000000 "," 355,283.9742000000000 ",, 0.0000003950000 , 0.0000001410000 , 5.0000000000000 ," 266,509.4844000000000 ",
 0.0001346930000 , 0.5111291390000 , 0.0468519090000 ," 39,797.1273400000000 "," 597,682.3355000000000 "," 870,000.0000000000000 ", 0.0000006570000 , 0.0000002090000 , 5.0000000000000 ," (121,539.0955000000000)",
 0.8393384920000 , 0.0038199230000 , 0.2468238690000 ," 76,969.1830100000000 "," 670,765.0254000000000 "," 821,000.0000000000000 ", 0.0000004870000 , 0.0000001640000 , 5.0000000000000 ," (66,929.7513400000000)",
 0.7409040560000 , 0.3162701500000 , 0.1018923880000 ," 244,655.0546000000000 "," 421,300.8816000000000 ", 25.9000000000000 , 0.0000009460000 , 0.0000003010000 , 5.0000000000000 ," 35,832.0803800000000 ",
 0.3602339190000 , 0.2703932860000 , 0.8427119020000 ," 877,120.4677000000000 "," 243,179.9803000000000 ",, 0.0000018400000 , 0.0000005990000 , 5.0000000000000 ," 624,541.2189000000000 ",
 0.3133479180000 , 0.7889324720000 , 0.8918721450000 ," 192,493.1506000000000 ", (10.2613726100000),, 0.0000022600000 , 0.0000007420000 , 5.0000000000000 ," (71,692.5062800000000)",
 0.4338174200000 , 0.9099431440000 , 0.3773180540000 ," 820,507.5042000000000 "," 760,034.9018000000000 ",, 0.0000020000000 , 0.0000006620000 , 5.0000000000000 ," 784,246.5008000000000 ",
 0.4938140400000 , 0.3876488050000 , 28.4665241100000 ," 546,476.3610000000000 "," 91,353.2427200000000 ",, 0.0000012700000 , 0.0000004250000 , 5.0000000000000 ," 268,139.0287000000000 ",
 0.7130460510000 , 0.6663854140000 , 0.9660475050000 ," 184,248.6516000000000 "," 57,002.3875500000000 ",, 0.0000026300000 , 0.0000008820000 , 5.0000000000000 ," 3,298.2245270000000 ",
 0.7610377900000 , 0.9507727080000 , 0.7025405020000 ," 840,348.1776000000000 "," 17,498.2139900000000 "," 49,000.0000000000000 ", 0.0000005870000 , 0.0000001960000 , 5.0000000000000 ," 699,277.3580000000000 ",
 0.9567998150000 , 0.5004011460000 , 0.4327291360000 ," 26,608.3660800000000 "," 735,228.5181000000000 "," 626,000.0000000000000 ", 0.0000018100000 , 0.0000006250000 , 5.0000000000000 ," (47,345.0377200000000)",
 0.3698132560000 , 0.0523550200000 ,," 205,881.9882000000000 "," 352,481.0469000000000 ",, 0.0000021400000 , 0.0000007190000 , 9.5088641790000 ," 187,897.9561000000000 ",
 0.4165044320000 , 0.8221798870000 , 0.8503480010000 ," 129,857.0134000000000 "," 676,195.7464000000000 ",, 0.0000021000000 , 0.0000007090000 , 5.0000000000000 ," (31,651.6438100000000)",
 0.2119940550000 , 0.6573534820000 , 0.4722818040000 ," 962,732.5839000000000 ", (12.8403250300000),, 0.0000009880000 , 0.0000003240000 , 5.0000000000000 ," 849,527.8766000000000 ",
 0.8801567380000 , 0.2157406790000 , 0.6778132000000 , (45.3851413300000)," 812,850.9715000000000 "," 579,000.0000000000000 ", 0.0000000789000 , 0.0000000257000 , 5.0000000000000 ," 42,868.6581000000000 ",
 0.6516397600000 , 0.7385974580000 , 0.3156273440000 ," 834,458.2529000000000 "," 56,213.9054600000000 ",, 136.0000000000000 , 41.6084674000000 , (24.2380090500000)," 509,199.5357000000000 ",
 0.5158619030000 , 0.2675926770000 , 0.8354802260000 ," 175,890.2834000000000 "," 235,383.2619000000000 ",, 0.0000028400000 , 0.0000009240000 , 5.0000000000000 ," 46,147.2336900000000 ",
 0.0193276310000 , 0.1243683990000 , 0.4136426750000 ," 758,976.8319000000000 "," 500,619.5323000000000 ",, 0.0000006480000 , 0.0000002190000 , 5.0000000000000 ," 461,487.5739000000000 ",
 0.4928645840000 , 0.4042897470000 , 0.5309376780000 , (21.3058511700000)," 645,927.8930000000000 ",, 0.0000019600000 , 0.0000006520000 , 5.0000000000000 ," 148,878.2766000000000 ",
 0.5951316750000 , 0.0099238210000 , 0.4640951590000 ," 156,760.4287000000000 "," 683,429.4152000000000 ",, 0.0000000020000 , 0.0000000007170 , 5.0000000000000 ," 64,270.4313400000000 ",
 0.3118638580000 , 0.7739913780000 , 0.7729214820000 ," 405,471.6763000000000 "," 984,089.4640000000000 ",, 0.0000008550000 , 0.0000002630000 , 5.0000000000000 ," 397,810.3780000000000 ",
 0.1202072290000 , 0.2655828330000 , 0.0175523630000 ," 895,815.7316000000000 "," 103,475.0636000000000 ",, 0.0000003030000 , 0.0000001070000 , 5.0000000000000 ," 592,342.6792000000000 ",
 0.3480955930000 , 0.3717392950000 , 0.0013536260000 ," 452,883.3604000000000 "," 945,715.1084000000000 ", 30.6000000000000 , 0.0000000601000 , 0.0000000209000 , 5.0000000000000 ," 327,783.1983000000000 ",
 0.2998005280000 , 0.6464587420000 , 0.9741944440000 ," 301,586.8699000000000 "," 188,302.5249000000000 ",, 0.0000001720000 , 0.0000000565000 , 5.0000000000000 ," 197,884.4015000000000 ",
 0.8470608270000 , 0.0235949650000 , 0.8985606050000 ," 93,017.4092600000000 "," 143,867.9663000000000 "," 105,000.0000000000000 ", 0.0000013000000 , 0.0000004320000 , 5.0000000000000 ," 69,789.7952500000000 ",
 0.3980052930000 , 0.3029157290000 , 0.0656948590000 ," 130,320.4332000000000 "," 643,428.9495000000000 ",, (24.9000000000000), (8.2718673600000), 18.1062999200000 ," 144,505.9374000000000 ",
 0.7474444070000 , 0.4738098280000 , 0.0578444490000 ," 821,471.2528000000000 "," 354,064.5624000000000 "," 656,000.0000000000000 ", 0.0000011500000 , 0.0000003810000 , 5.0000000000000 ," 563,995.3743000000000 ",
 0.9913279020000 , 0.5444823330000 , 0.9627683500000 ," 628,734.0151000000000 ", (14.7911793100000)," 39,000.0000000000000 ", 0.0000027000000 , 0.0000008570000 , 5.0000000000000 ," 557,192.1530000000000 ",
 0.0756050410000 , 0.3656807480000 , 0.2253812680000 ," 455,566.7820000000000 "," 890,973.8847000000000 ",, 0.0000009870000 , 0.0000003360000 , 5.0000000000000 ," 351,795.1468000000000 ",
 0.8111237700000 , 0.6359547070000 , 0.3881657060000 ," 985,600.7340000000000 "," 686,678.6117000000000 ",, 0.0000025200000 , 0.0000008770000 , 5.0000000000000 ," 860,615.3419000000000 ",
 0.8901411370000 , 0.7077213500000 , 0.0622032260000 ," 430,142.7321000000000 "," 437,765.0550000000000 "," 310,000.0000000000000 ", 0.0000027700000 , 0.0000008690000 , 5.0000000000000 ," 338,891.2088000000000 ",
 0.1473030440000 , 0.0078415910000 , 0.6309217900000 , 77.0513495600000 ," 936,176.5642000000000 ",, 0.0000012700000 , 0.0000004400000 , 5.0000000000000 ," 515,914.5331000000000 ",
 0.5296597240000 , 0.2418932940000 , 0.5006035710000 , 25.0939368800000 ," 67,284.6129200000000 ", 77.2000000000000 , 0.0000018100000 , 0.0000006150000 , 11.5508800700000 ," 149,845.6205000000000 ",
 0.6796203330000 , 0.0762392180000 , 0.2747038150000 ," 912,208.2368000000000 ", (21.0393600000000),, 0.0000015400000 , 0.0000004940000 , 5.0000000000000 ," 661,152.6183000000000 ",
 0.1969257040000 , 0.9514298100000 , 0.9948192940000 ," 819,677.0028000000000 "," 999,350.3005000000000 ",, 0.0000006090000 , 0.0000001970000 , (46.7492629300000)," 771,978.2416000000000 ",
 0.2595417830000 , 42.4329959600000 , 0.5935609350000 ," 915,814.3482000000000 "," 502,875.5201000000000 ",, 0.0000018400000 , 0.0000006270000 , 5.0000000000000 ," 626,145.0817000000000 ",
 0.0730815620000 , 0.6223432650000 , 0.9811778370000 ," 135,745.8531000000000 "," 977,438.1842000000000 ",, 0.0000027600000 , 0.0000009730000 , 5.0000000000000 ," (14,247.5216500000000)",
 0.1901076500000 , (21.3521136500000), 0.9078987940000 ," 163,728.9579000000000 "," 299,423.1248000000000 "," 100,000.0000000000000 ", 0.0000010300000 , 0.0000003460000 , 5.0000000000000 ," 152,077.0708000000000 ",
 0.9437015930000 , 0.9601356040000 , 0.5214596390000 , 6.8759630690000 , 12.1304917300000 ,, 0.0000000270000 , 0.0000000084500 , 5.0000000000000 ," 238,263.5891000000000 ",
 0.9773079080000 , 0.7573102070000 , 0.1616714360000 ," 88,396.9671500000000 "," 342,225.5248000000000 ",, 0.0000000967000 , 0.0000000320000 , 5.0000000000000 ," (145,906.7446000000000)",
 0.6406151840000 , 0.6666004790000 , 0.1626997440000 ," 986,176.7973000000000 "," 820,849.0093000000000 ",, (90.4000000000000), (31.0914666400000), 5.0000000000000 ," 869,150.6450000000000 ",
 0.5650853120000 , 0.7716269110000 , 0.4988956650000 ," 70,068.6957200000000 "," 56,625.5573800000000 "," 120,000.0000000000000 ", 0.0000011400000 , 0.0000003870000 , 5.0000000000000 ," 34,162.7666300000000 ",
 0.0121031170000 , 0.0090384690000 , 0.3570293440000 ," 580,768.5836000000000 "," 928,763.4212000000000 ",, 0.0000001330000 , 0.0000000448000 , 5.0000000000000 ," 482,635.4744000000000 ",
 0.9261940680000 , 0.2286767800000 , 0.6343636890000 ," 842,945.4825000000000 "," 445,886.6199000000000 ",, 0.0000013200000 , 0.0000004570000 , 5.0000000000000 ," 580,329.7774000000000 ",
 (32.6341993400000), 0.3216699900000 , 0.8480420900000 ," 731,872.7373000000000 ", 53.9316393200000 ," 361,000.0000000000000 ", 0.0000026800000 , 0.0000008880000 , 5.0000000000000 ," 543,897.5625000000000 ",
 0.7288614420000 , 0.0953992770000 , 0.4287020210000 ," 637,302.1565000000000 "," 70,696.6081800000000 ", (31.9000000000000), 0.0000024000000 , 0.0000008230000 , 5.0000000000000 ," 449,760.0864000000000 ",
 12.0419088100000 , 0.4808901470000 , 0.6624340120000 ," 534,799.4663000000000 "," 996,224.4930000000000 ",, 0.0000012200000 , 0.0000003940000 , 5.0000000000000 ," 459,069.0222000000000 ",
 0.1185026240000 , 0.2888849390000 , 8.6579310080000 ," 816,056.7571000000000 "," 432,067.2851000000000 "," 796,000.0000000000000 ", 0.0000012000000 , 0.0000004000000 , 5.0000000000000 ," 531,810.2744000000000 ",
 0.9195310250000 , 0.9932550150000 , 0.0449112990000 ," 595,414.8016000000000 "," 886,595.4415000000000 ",, 0.0000015900000 , 0.0000005040000 , 5.0000000000000 ," 512,634.4584000000000 ",
 0.7610079230000 , 0.3717240660000 , 0.3924581860000 ," 604,304.4198000000000 "," 630,018.6806000000000 ",, 0.0000012500000 , 0.0000004420000 , 5.0000000000000 ," 483,252.3400000000000 ",
 0.7542649730000 , 0.9184264320000 , 0.9509285950000 ," 144,312.0437000000000 ", 74.2365190800000 ,, 0.0000025000000 , 0.0000008490000 , 28.4714701600000 ," 130,251.3034000000000 ",
 0.6566310740000 , 0.2403989130000 , 0.1915929460000 ," 162,511.0653000000000 "," 959,745.7215000000000 ",, (109.0000000000000), (36.8723745600000), 5.0000000000000 ," 36,673.9469000000000 ",
 0.9182390870000 , 0.1018036830000 , 0.5059579080000 ," 863,789.6230000000000 "," 406,773.7486000000000 "," 762,000.0000000000000 ", 0.0000025500000 , 0.0000008030000 , 5.0000000000000 ," 577,976.5084000000000 ",
 0.1752217720000 , 0.8667703550000 , 0.2824787440000 ," 586,601.7374000000000 "," 455,394.9052000000000 ",, 0.0000023200000 , 0.0000007960000 , 5.0000000000000 ," 416,942.9467000000000 ",
 0.9504591710000 , 0.5816222930000 , 0.4366141900000 ," 7,463.1404170000000 "," 422,686.6197000000000 ", (27.8000000000000), 0.0000014700000 , 0.0000004920000 , 5.0000000000000 ," (131,512.5778000000000)",
 0.2824960660000 , 0.3530503920000 ,," 813,142.0045000000000 "," 588,431.2405000000000 ",, 0.0000001520000 , 0.0000000493000 , 5.0000000000000 ," 710,359.9098000000000 ",
 0.7803655030000 , 0.4763357330000 , 0.4975398520000 ," 415,627.7820000000000 "," 258,300.4291000000000 ",, 0.0000003450000 , 0.0000001210000 , 5.0000000000000 ," 150,344.2112000000000 ",
 0.2046801090000 , 0.5911303030000 , 0.1861358980000 ," 669,268.2918000000000 "," 448,085.4873000000000 ",, 0.0000012400000 , 0.0000004110000 , 5.0000000000000 ," 494,015.6791000000000 ",
 0.6901388000000 , 0.8550302020000 , 0.2070758090000 ," 204,256.4679000000000 ", 89.4455602900000 ,, (140.0000000000000), (47.5317268700000), 5.0000000000000 ," 160,690.6381000000000 ",
 0.5069204380000 , 0.4094120720000 , 0.8108785810000 ," 565,851.7874000000000 "," 916,756.0031000000000 ", (76.0000000000000), 0.0000007830000 , 0.0000002610000 , 5.0000000000000 ," 385,491.7119000000000 ",
 0.8358259280000 , 0.3321910330000 , 27.5803458100000 ," 451,130.0698000000000 "," 718,699.2660000000000 ", 3.8300000000000 , 0.0000025800000 , 0.0000008630000 , 5.0000000000000 ," 319,916.4990000000000 ",
 0.7711228160000 , 0.6546506870000 , 0.1515950750000 ," 492,367.0487000000000 "," 192,315.7728000000000 "," 464,000.0000000000000 ", 0.0000005030000 , 0.0000001690000 , 5.0000000000000 ," 316,022.1916000000000 ",
 0.8758830840000 , 0.5390945530000 , 0.2824724260000 ," 245,818.5870000000000 "," 914,842.1499000000000 ",, 0.0000023300000 , 0.0000007690000 , 5.0000000000000 ," 241,618.1401000000000 ",
 0.4252281850000 , 0.0375710900000 , 0.1278668010000 ," 952,264.0145000000000 "," 533,055.2901000000000 ",, 0.0000009920000 , 0.0000003370000 , 5.0000000000000 ," 705,687.6288000000000 ",
 0.7655467510000 , 0.0000116000000 , 0.4165658280000 ," 542,940.4445000000000 "," 129,380.6170000000000 ",, 0.0000003670000 , 0.0000001220000 , 5.0000000000000 ," 374,144.5300000000000 ",
 0.2261253310000 , 0.3041987200000 , 0.3039425120000 ," 777,984.9716000000000 "," 220,470.4810000000000 ",, 0.0000014700000 , 0.0000004750000 , 5.0000000000000 ," 642,849.1473000000000 ",
 0.2304166620000 , 0.0014738220000 , 0.7293447940000 ," 406,332.2310000000000 "," 926,585.3832000000000 ",, 0.0000019200000 , 0.0000006410000 , 5.0000000000000 ," 276,674.2206000000000 ",
 0.9668455000000 , 0.2242934830000 , 0.6630471920000 , (22.2056717400000)," 517,272.1698000000000 ", 47.6000000000000 , 0.0000005200000 , 0.0000001640000 , 5.0000000000000 ," 401,944.1615000000000 ",
 0.9019401970000 , 0.8066935200000 , 0.9848584030000 ," 717,561.3826000000000 "," 776,821.3672000000000 ",, 0.0000001930000 , 0.0000000633000 , 5.0000000000000 ," 529,284.2842000000000 ",
 0.7542482600000 , 0.3931952010000 , 0.5906378340000 ," 614,499.4603000000000 "," 892,469.0940000000000 ", 30.5000000000000 , 0.0000001720000 , 0.0000000571000 , 5.0000000000000 ," 620,142.5489000000000 ",
 0.6610142540000 , 0.0784558160000 , 0.5444969590000 ," 330,914.7658000000000 "," 248,287.4796000000000 ",, 0.0000016100000 , 0.0000005300000 , 5.0000000000000 ," 44,379.6176000000000 ",
 0.7093208280000 , 0.1673213040000 , 0.7806317170000 ," 389,389.7797000000000 "," 732,612.6992000000000 ",, 0.0000025400000 , 0.0000008320000 , 5.0000000000000 ," 242,807.3275000000000 ",
 0.5837727810000 , 0.9522217860000 , 0.0424222980000 , 8.1159221430000 ," 238,997.6802000000000 "," 281,000.0000000000000 ", 0.0000001170000 , 0.0000000386000 , 5.0000000000000 ," 135,315.9897000000000 ",
 14.5421057600000 , 0.6015538790000 , 0.2965599120000 ," 411,127.2783000000000 "," 234,325.0657000000000 ",, 0.0000009440000 , 0.0000003150000 , 5.0000000000000 ," 374,204.3376000000000 ",
 0.7144241640000 , 0.7590052830000 , 0.1025159640000 ," 879,393.0568000000000 "," 965,609.8314000000000 ",, 0.0000014400000 , 0.0000004680000 , 5.0000000000000 ," 782,355.0484000000000 ",
 0.5138544640000 , 0.5088905560000 , 0.3692807700000 , (6.1204845320000)," 7,091.8127740000000 "," 680,000.0000000000000 ", 0.0000000926000 , 0.0000000310000 , 5.0000000000000 ," 101,627.4761000000000 ",
 0.9329248630000 , 0.8275063200000 , 0.6972093820000 ," 825,439.8957000000000 "," 146,608.3004000000000 ",, 0.0000000952000 , 0.0000000328000 , 5.0000000000000 ," 674,170.2729000000000 ",
 0.7143266360000 , 54.3116315600000 , 0.9209945210000 ," 790,083.2500000000000 "," 616,290.7484000000000 "," 44,900.0000000000000 ", 0.0000028700000 , 0.0000008950000 , 5.0000000000000 ," 739,899.1131000000000 ",
 0.8565372240000 , 0.7011698620000 , 0.7270567620000 ," 483,877.2646000000000 ", 97.8176679700000 ," 908,000.0000000000000 ", 0.0000022300000 , 0.0000007570000 , 5.0000000000000 ," 284,440.8137000000000 ",
 0.5620727940000 , 0.9470906670000 , 0.4962587530000 ," 87,416.8078700000000 "," 936,493.3313000000000 "," 826,000.0000000000000 ", 0.0000020900000 , 0.0000007090000 , 5.0000000000000 ," (22,881.6646200000000)",
 0.3805177100000 , 0.1630353370000 , 0.7862056520000 ," 791,310.7143000000000 "," 200,911.3397000000000 "," 805,000.0000000000000 ", 0.0000006510000 , 0.0000002110000 , 5.0000000000000 ," 476,843.8636000000000 ",
 0.9702571100000 , 0.4376613280000 , 0.2349734050000 ," 575,792.4711000000000 "," 645,150.0833000000000 ",, 0.0000012800000 , 0.0000004530000 , 5.0000000000000 ," 570,348.0458000000000 ",
 0.7048710100000 , 0.8171281420000 , 0.5464303160000 ," 960,366.7746000000000 "," 44,588.0927300000000 ",, 0.0000025100000 , 0.0000008390000 , 5.0000000000000 ," 778,759.3066000000000 ",
 0.7184539470000 , 0.8626404710000 , 0.1792556120000 ," 665,947.1661000000000 "," 822,657.4685000000000 "," 13,300.0000000000000 ", 0.0000009550000 , 0.0000003150000 , 5.0000000000000 ," 671,865.4070000000000 ",
 0.8000034820000 , 0.5527070760000 , 0.3965536820000 ," 542,015.2985000000000 "," 459,562.9775000000000 "," 499,000.0000000000000 ", 0.0000008320000 , 0.0000002730000 , 5.0000000000000 ," 384,992.5937000000000 ",
 0.1317150290000 , 0.8652957590000 , 0.1572732080000 ," 72,213.1853400000000 "," 684,435.3611000000000 ",, 0.0000014100000 , 0.0000004550000 , 5.0000000000000 ," 17,618.4633500000000 ",
 0.3097878590000 , 0.2900455320000 , 0.8714140340000 ," 765,148.8499000000000 "," 485,290.6341000000000 ",, 0.0000003010000 , 0.0000001040000 , 5.0000000000000 ," 672,419.5110000000000 ",
 0.0437390720000 , 12.4476385700000 ," 515,167.0284000000000 "," 990,285.1706000000000 "," 611,341.6562000000000 ", 0.0000022300000 , 0.0000007140000 , (14.7590455400000)," 404,384.3930000000000 ",,
 0.3431673530000 , 0.7291734880000 ," 370,973.7126000000000 "," 772,152.0276000000000 "," 170,462.5116000000000 ", 0.0000020500000 , 0.0000007050000 , 5.0000000000000 ," 372,808.8125000000000 ",,
 0.8456043630000 , (10.0123414500000), (77.3823422100000)," 346,958.9504000000000 "," 431,807.0951000000000 ", 0.0000012100000 , 0.0000003940000 , 77.9218054600000 ," 254,797.1015000000000 ",,
 0.6729666220000 , 0.2753811740000 ," 781,779.8259000000000 "," 484,173.0322000000000 "," 794,014.4503000000000 ", 0.0000003540000 , 0.0000001200000 , 5.0000000000000 ," 510,614.3578000000000 ",,
 0.7889851600000 , 0.4464195160000 ," 576,488.9031000000000 "," 342,069.4347000000000 ", 80.0899972300000 , 0.0000020800000 , 0.0000006750000 , 5.0000000000000 ," 313,302.3065000000000 ",,
 0.8224223740000 , 87.4129309300000 ," 238,289.6706000000000 "," 224,382.9798000000000 "," 504,502.9241000000000 ", 0.0000021700000 , 0.0000007310000 , 5.0000000000000 ," 94,615.4921200000000 ",,
 3.5197649750000 , 0.6010741670000 , (64.9464760100000)," 445,517.8145000000000 ", 92.3502983700000 , 0.0000024700000 , 0.0000008400000 , 5.0000000000000 ," 229,413.1110000000000 ",,
 (46.6356466500000), 0.3745528870000 , 16.6323422900000 ," 863,431.5778000000000 "," 139,450.2362000000000 ",,, 5.0000000000000 ," 562,981.3981000000000 ",,
 0.4305293380000 , 0.1425941440000 ," 569,206.4631000000000 "," 867,979.6267000000000 "," 583,105.7573000000000 ", 0.0000029300000 , 0.0000009900000 , 5.0000000000000 ," 441,002.0941000000000 ",,
 0.3458774610000 , 0.1544597470000 , 23.0953780500000 ," 372,043.5678000000000 "," 92,449.5170400000000 ", 0.0000000341000 , 0.0000000118000 , 5.0000000000000 ," 632,578.6181000000000 ",,
 0.6458223860000 , 0.6369023170000 ," 457,900.2951000000000 "," 394,479.3908000000000 ", 20.2255984600000 , 0.0000008070000 , 0.0000002810000 , 5.0000000000000 ," 204,697.1922000000000 ",,
 0.0717118890000 , 0.4096288950000 ," 243,995.3024000000000 "," 966,734.2275000000000 "," 958,138.1198000000000 ", 0.0000005160000 , 0.0000001770000 , 5.0000000000000 ," 77,460.5061400000000 ",,
 0.6771206400000 , (38.0796703700000)," 247,631.6431000000000 "," 348,051.9555000000000 ", 47.1433694200000 , 0.0000026400000 , 0.0000009040000 , 5.0000000000000 ," 12,865.4828000000000 ",,
 0.2178925540000 , 0.9880359660000 ," 966,622.2209000000000 "," 443,439.1028000000000 ", 53.2966178600000 , 0.0000020500000 , 0.0000006700000 , 5.0000000000000 ," 790,174.2900000000000 ",,
 0.6882742360000 , (13.1977177400000)," 526,094.0133000000000 "," 687,769.2064000000000 "," 273,474.5154000000000 ", 0.0000018500000 , 0.0000006250000 , (90.0615833000000)," 464,276.9191000000000 ",,
 0.0275367200000 , 0.5054551180000 ," 736,473.1746000000000 "," 51,657.3571100000000 "," 49,294.4927600000000 ", 0.0000006270000 , 0.0000002110000 , 5.0000000000000 ," 616,065.3200000000000 ",,
 0.3842067130000 , 0.0389960130000 ," 386,287.7051000000000 "," 353,473.1921000000000 "," 315,633.2154000000000 ", 0.0000005330000 , 0.0000001790000 , 5.0000000000000 ," 288,850.2580000000000 ",,
 0.3879867600000 , 0.1600249360000 ," 491,019.7627000000000 "," 320,733.5823000000000 "," 192,257.9185000000000 ", 0.0000012100000 , 0.0000003970000 , 5.0000000000000 ," 406,505.8076000000000 ",,
 0.7562136140000 , 0.4585230090000 ," 309,469.5491000000000 "," 974,904.2728000000000 "," 411,113.4170000000000 ", 0.0000013700000 , 0.0000004480000 , 5.0000000000000 ," 283,005.6576000000000 ",,
 0.9000831830000 , 0.1161389600000 ," 444,712.7769000000000 "," 576,544.9900000000000 "," 983,340.7684000000000 ", 0.0000021900000 , 0.0000007440000 , 5.0000000000000 ," 186,793.1746000000000 ",,
 0.3139667170000 , 0.8884036720000 ," 241,601.2764000000000 ",," 715,984.6935000000000 ", 0.0000013000000 , 0.0000004380000 , 5.0000000000000 ," 102,344.7761000000000 ",,
 0.9611354850000 , 0.3894818950000 ," 64,094.7110400000000 "," 596,142.6495000000000 "," 739,581.1772000000000 ", 0.0000020200000 , 0.0000006910000 , 18.8545621200000 ," (65,764.1944400000000)",,
 (66.1893339700000), 0.5414076070000 ," 210,969.8906000000000 "," 841,622.0075000000000 "," 30,353.8055300000000 ", 0.0000019200000 , 0.0000006510000 , 5.0000000000000 ," 285,282.4941000000000 ",,
 0.5537114850000 , 0.5417048120000 ," 843,812.8637000000000 "," 460,329.0506000000000 ", (22.2942454500000), 281.0000000000000 , 91.6000000000000 , 5.0000000000000 ," 716,880.0209000000000 ",,
 0.2593348970000 , 0.1946238370000 ," 199,093.4199000000000 "," 347,822.3474000000000 "," 620,234.8490000000000 ", 0.0000018200000 , 0.0000006030000 , 5.0000000000000 ," 46,850.8060500000000 ",,
 (21.7371913100000), 0.4017788010000 ," 390,917.4268000000000 "," 976,456.5294000000000 "," 954,666.3569000000000 ", 0.0000000726000 , 0.0000000239000 , 5.0000000000000 ," 203,908.9057000000000 ",,
 0.6206604800000 , 0.2013121080000 ," 316,904.1377000000000 "," 266,794.5494000000000 "," 505,925.8001000000000 ", 0.0000007790000 , 0.0000002630000 , 5.0000000000000 ," 166,476.6789000000000 ",,
 0.0394595330000 , (92.0832540900000)," 777,727.9101000000000 "," 858,322.9389000000000 "," 844,864.0854000000000 ", (217.0000000000000), (76.3000000000000), 5.0000000000000 ," 544,568.2087000000000 ",,
 0.2277497360000 , 0.9640288470000 ," 359,675.5612000000000 "," 687,234.3435000000000 ", (70.0463745300000), 281.0000000000000 , 94.7000000000000 , 5.0000000000000 ," 312,827.7422000000000 ",,
 0.7221432350000 , (22.9483439800000)," 60,905.5432400000000 "," 701,565.2656000000000 "," 9,827.5525700000000 ", 0.0000018500000 , 0.0000005920000 , 5.0000000000000 ," 144,871.1918000000000 ",,
 0.1306523440000 , (47.3194022400000)," 409,182.5875000000000 "," 329,379.2693000000000 "," 693,377.5385000000000 ", 0.0000004450000 , 0.0000001470000 , 5.0000000000000 ," 201,945.6555000000000 ",,
 (17.1888817500000), 0.2757675680000 ," 766,245.4728000000000 "," 304,094.6360000000000 "," 811,627.0144000000000 ", 0.0000023500000 , 0.0000008120000 , 5.0000000000000 ," 468,024.4758000000000 ",,
 0.9440420940000 , (37.0055598900000)," 293,916.7605000000000 "," 446,326.3600000000000 "," 727,018.5270000000000 ", 0.0000022500000 , 0.0000007530000 , 5.0000000000000 ," 111,376.6001000000000 ",,
 0.5887315220000 , 0.3753299080000 ," 662,317.9135000000000 "," 609,681.9083000000000 "," 915,098.4545000000000 ", 0.0000019200000 , 0.0000006420000 , 5.0000000000000 ," 393,838.2403000000000 ",,
 0.8655771460000 , 0.9807393440000 ," 579,313.4028000000000 "," 889,000.6108000000000 "," 569,304.9844000000000 ", 0.0000008150000 , 0.0000002770000 , 5.0000000000000 ," 456,183.6802000000000 ",,
 0.8275189220000 , 0.7645277950000 ," 631,722.4183000000000 "," 518,747.8471000000000 "," 51,165.5064500000000 ", 0.0000020900000 , 0.0000006930000 , 5.0000000000000 ," 590,991.3040000000000 ",,
 0.8539619670000 , (52.2641786300000)," 181,763.5978000000000 "," 504,132.8419000000000 "," 322,809.7934000000000 ", 0.0000016700000 , 0.0000005610000 , 5.0000000000000 ," 134,673.2732000000000 ",,
 77.1247451100000 , 0.0624575940000 ," 258,107.6432000000000 ", (97.3323910300000)," 133,284.2581000000000 ", 0.0000015600000 , 0.0000005280000 , 5.0000000000000 ," 245,352.7131000000000 ",,
 0.4483190550000 , 0.5104324890000 , 14.6899972500000 ," 867,702.0979000000000 ", (92.1476157900000), (18.5000000000000), (6.0000000000000), 5.0000000000000 ," 710,045.3294000000000 ",,
 0.9263826070000 , 0.0191160940000 ," 106,213.8276000000000 "," 775,877.2545000000000 ", 71.9525989200000 , (46.5000000000000), (15.7000000000000), 5.0000000000000 ," (24,189.2065400000000)",,
 0.1344351290000 , 0.2993955880000 ," 834,324.7957000000000 "," 577,353.4012000000000 "," 646,407.3752000000000 ", 0.0000016200000 , 0.0000005300000 , 5.0000000000000 ," 608,013.0454000000000 ",,
 0.9574480190000 , 0.0088632850000 ," 638,963.0220000000000 ", 55.3010834900000 ," 435,014.5943000000000 ", (301.0000000000000), (99.8000000000000), 5.0000000000000 ," 432,607.6917000000000 ",,
 0.6768212990000 , 0.8284692990000 , (27.0051330600000)," 545,427.9502000000000 "," 133,416.3355000000000 ", 0.0000008510000 , 0.0000003120000 , 5.0000000000000 ," 285,666.7827000000000 ",,
 0.0143152780000 , 0.7378695190000 ," 691,643.4020000000000 "," 795,011.5369000000000 "," 163,354.4497000000000 ", 0.0000025000000 , 0.0000008380000 , 5.0000000000000 ," 648,888.6663000000000 ",,
 0.4876278100000 , 0.0776493350000 ," 626,054.7090000000000 "," 75,278.7166500000000 "," 112,397.0272000000000 ", 0.0000020900000 , 0.0000006900000 , 5.0000000000000 ," 508,782.3533000000000 ",,
 0.1109980990000 , 52.9878479300000 ," 260,048.0403000000000 "," 385,058.0557000000000 ", 51.0371019600000 , 0.0000021400000 , 0.0000007510000 , 5.0000000000000 ," 15,500.3644300000000 ",,
 0.0723164750000 , 0.9551152070000 ," 610,376.0598000000000 "," 834,973.7857000000000 "," 710,351.5007000000000 ", (155.0000000000000), (51.6000000000000), 5.0000000000000 ," 436,595.2579000000000 ",,
 0.2995656780000 , 0.0768620750000 ," 112,503.1305000000000 "," 735,920.4064000000000 "," 275,098.8816000000000 ", 0.0000000947000 , 0.0000000311000 , 5.0000000000000 ," 120,883.9854000000000 ",,
 0.7945155440000 , 0.7070864770000 ," 639,107.8470000000000 "," 340,961.9736000000000 "," 997,672.2633000000000 ", 0.0000021500000 , 0.0000007620000 , 5.0000000000000 ," 314,916.9251000000000 ",,
 0.0729018350000 , 0.4028732830000 ," 263,551.4795000000000 "," 279,130.4708000000000 "," 930,672.2556000000000 ", 0.0000025600000 , 0.0000008410000 , 5.0000000000000 ," 7,310.4915330000000 ",,
 0.9292280540000 , 0.4051026950000 ," 836,378.5774000000000 ", (64.3055811600000), 78.7717355000000 , 16.9000000000000 , 5.7000000000000 , 5.0000000000000 ," 574,406.1129000000000 ",,
 0.3214957010000 , 0.4764369860000 ," 65,276.7575700000000 "," 821,839.3228000000000 "," 646,309.9337000000000 ", 0.0000029000000 , 0.0000009540000 , (0.5203297330000)," (8,436.3550330000000)",,
 0.6404760420000 , 0.9789811150000 ," 647,342.1344000000000 "," 128,349.9266000000000 "," 650,187.1664000000000 ", 281.0000000000000 , 94.6000000000000 , 5.0000000000000 ," 387,466.3627000000000 ",,
 0.3578140840000 , 0.6478174460000 , (57.3259685700000)," 911,818.5695000000000 "," 439,130.6608000000000 ", 0.0000029200000 , 0.0000009860000 , 5.0000000000000 ," 835,523.7768000000000 ",,
 0.5858647880000 , 0.6247838630000 , (10.6189816400000)," 459,343.6556000000000 "," 55,101.5351600000000 ", 0.0000022700000 , 0.0000007480000 , 5.0000000000000 ," 640,754.9143000000000 ",,
 45.5246769600000 , 0.1428759610000 ," 66,055.3078200000000 ", 20.5525304300000 ," 360,059.9019000000000 ", 0.0000016500000 , 0.0000005420000 , 5.0000000000000 ," 90,880.4499800000000 ",,
 0.2714093800000 , 0.4966954230000 ," 477,867.3549000000000 "," 355,283.9742000000000 "," 682,511.7301000000000 ", 0.0000004210000 , 0.0000001410000 , 5.0000000000000 ," 266,503.4480000000000 ",,
 0.1338283630000 , 0.6295576970000 , 25.4977753300000 ," 715,322.3105000000000 "," 268,143.2296000000000 ", 0.0000025700000 , 0.0000008100000 , 5.0000000000000 ," 584,558.9678000000000 ",,
 0.7486452340000 , 98.8025072200000 ," 315,668.4812000000000 "," 125,251.2311000000000 "," 655,509.9718000000000 ", 0.0000019400000 , 0.0000006340000 , 5.0000000000000 ," 105,279.5217000000000 ",,
 0.5111291390000 , 0.0468519090000 , 69.4132756300000 ,," 869,695.8849000000000 ", 0.0000006420000 , 0.0000002090000 , 5.0000000000000 ," (121,550.9663000000000)",,
 0.7069764870000 , 0.0626896220000 ," 890,832.1483000000000 ", (69.2638352100000)," 459,303.6882000000000 ", 0.0000002430000 , 0.0000000787000 , 5.0000000000000 ," 689,192.9694000000000 ",,
 0.0038199230000 , 0.2468238690000 ," 76,969.1830100000000 "," 670,765.0254000000000 "," 821,259.4204000000000 ", 0.0000004880000 , 0.0000001640000 , 5.0000000000000 ," (66,925.6050300000000)",,
 (28.5107901900000), 0.1018923880000 ," 244,655.0546000000000 "," 421,300.8816000000000 "," 838,839.3368000000000 ",,, 5.0000000000000 ," 35,839.3234100000000 ",,
 0.2703932860000 , 0.8427119020000 ," 877,120.4677000000000 "," 243,179.9803000000000 ", 66.2311309100000 , 0.0000017300000 , 0.0000005990000 , 5.0000000000000 ," 624,538.0744000000000 ",,
 0.7889324720000 , 0.8918721450000 ," 192,493.1506000000000 "," 101,878.7641000000000 "," 911,120.5014000000000 ", 0.0000021200000 , 0.0000007420000 , 5.0000000000000 ," (71,688.9166900000000)",,
, 0.6327118790000 ," 546,476.3610000000000 "," 91,353.2427200000000 "," 756,646.5494000000000 ", 0.0000013100000 , 0.0000004250000 , 5.0000000000000 ," 268,138.5984000000000 ",,
 60.0500909200000 , 0.1669530890000 , (60.7535907600000)," 186,590.0969000000000 "," 188,232.1998000000000 ", (201.0000000000000), (70.6000000000000), 5.0000000000000 ," 466,492.1388000000000 ",,
 0.1053649220000 , 0.7818238630000 ," 572,770.2767000000000 "," 819,495.6854000000000 "," 326,738.8906000000000 ", 0.0000002650000 , 0.0000000877000 , 5.0000000000000 ," 507,246.3696000000000 ",,
 0.0481860120000 , 0.3600504660000 ," 349,614.3988000000000 "," 596,346.4975000000000 "," 274,212.8891000000000 ", 0.0000021600000 , 0.0000007130000 , 5.0000000000000 ," 302,404.6840000000000 ",,
 0.5004011460000 , 0.4327291360000 ," 26,608.3660800000000 "," 735,228.5181000000000 "," 625,649.9129000000000 ", 0.0000018400000 , 0.0000006250000 , 5.0000000000000 ," (47,346.6186600000000)",,
 0.2088827240000 , (77.4734559200000)," 580,755.9991000000000 "," 741,684.1290000000000 "," 675,230.8376000000000 ", 0.0000011000000 , 0.0000003780000 , 5.0000000000000 ," 408,358.9304000000000 ",,
 0.8221798870000 , 0.8503480010000 ," 129,857.0134000000000 ", (60.2820767000000)," 858,600.1070000000000 ", 0.0000020500000 , 0.0000007090000 , 5.0000000000000 ," (31,661.5557300000000)",,
 0.6573534820000 , 0.4722818040000 , 32.8157475700000 ," 628,347.1175000000000 "," 184,101.3234000000000 ", 214.0000000000000 , 71.5000000000000 , 5.0000000000000 ," 849,520.4022000000000 ",,
 (6.7608389530000), 0.6778132000000 ," 105,650.3454000000000 "," 812,850.9715000000000 "," 578,756.4764000000000 ", 0.0000000798000 , 0.0000000257000 , 85.6899673900000 ," 42,865.6793400000000 ",,
 0.2953014780000 , 0.1366009040000 , (91.1982969200000)," 781,462.0888000000000 "," 703,277.2277000000000 ", 0.0000023100000 , 0.0000008030000 , 5.0000000000000 ," 437,880.0292000000000 ",,
 0.7385974580000 , 0.3156273440000 ," 834,458.2529000000000 "," 56,213.9054600000000 "," 747,520.6367000000000 ", 0.0000015900000 , 0.0000005180000 , 5.0000000000000 ," 509,200.5793000000000 ",,
 0.3951309080000 , 0.7132068830000 ," 850,852.7573000000000 "," 286,135.0425000000000 "," 640,447.2740000000000 ", 0.0000000955000 , 0.0000000308000 , 5.0000000000000 ," 583,725.0032000000000 ",,
 0.8902150030000 , 0.2874095960000 ," 314,162.0638000000000 "," 957,971.0665000000000 "," 33,423.5724400000000 ", (186.0000000000000), (62.4000000000000), 5.0000000000000 ," 387,591.8437000000000 ",,
 0.0580919520000 , 0.1115122120000 , 49.6387452900000 ," 166,503.5470000000000 "," 712,220.2052000000000 ", 0.0000014700000 , 0.0000004890000 , 50.3506715800000 ," 318,695.8608000000000 ",,
, 0.3373455470000 , 26.1248747700000 ," 211,714.3721000000000 "," 144,240.0211000000000 ", 0.0000017300000 , 0.0000005810000 , 5.0000000000000 ," 762,848.5167000000000 ",,
 0.1243683990000 , 15.5914390900000 ," 758,976.8319000000000 "," 500,619.5323000000000 "," 911,785.1124000000000 ", 0.0000006760000 , 0.0000002190000 , 5.0000000000000 ," 461,496.0125000000000 ",,
 0.4042897470000 , 0.5309376780000 ," 146,614.5572000000000 "," 645,927.8930000000000 "," 232,879.1462000000000 ", 0.0000020000000 , 0.0000006520000 , 5.0000000000000 ," 148,895.7133000000000 ",,
 0.5190322800000 , 0.6775422670000 ," 754,827.4584000000000 ", (46.8523843700000)," 447,971.6564000000000 ", 0.0000005040000 , 0.0000001650000 , 5.0000000000000 ," 558,223.5400000000000 ",,
 0.9760138230000 , 0.1255502150000 ," 294,817.2383000000000 "," 354,548.2088000000000 "," 564,594.0813000000000 ", 0.0000003540000 , 0.0000001230000 , 5.0000000000000 ," 143,837.6174000000000 ",,
 48.2388855600000 , 0.0013536260000 ," 452,883.3604000000000 "," 945,715.1084000000000 "," 676,820.0436000000000 ", 0.0000000645000 , 0.0000000209000 , 5.0000000000000 ," 327,796.1077000000000 ",,
 0.6464587420000 , 0.9741944440000 ," 301,586.8699000000000 "," 188,302.5249000000000 "," 303,735.0462000000000 ", 0.0000001620000 , 0.0000000565000 , (47.4563964600000)," 197,888.4712000000000 ",,
 0.0235949650000 , 0.8985606050000 ," 93,017.4092600000000 ",," 104,660.4403000000000 ", 0.0000013200000 , 0.0000004320000 , 5.0000000000000 ," 69,789.6552000000000 ",,
 0.7803761240000 , 0.4579957590000 ," 422,943.5437000000000 "," 795,578.3763000000000 "," 141,383.5542000000000 ", 0.0000014900000 , 0.0000005160000 , 5.0000000000000 ," 427,864.8744000000000 ",,
 0.3029157290000 ,," 130,320.4332000000000 "," 643,428.9495000000000 "," 197,182.9820000000000 ", 0.0000028800000 , 0.0000009410000 , 5.0000000000000 ," 144,511.8514000000000 ",,
 0.2466036350000 , 0.4840770700000 ," 97,610.0381100000000 "," 166,848.5782000000000 "," 923,731.3959000000000 ", 0.0000017700000 , 0.0000005670000 , 5.0000000000000 ," (146,418.6314000000000)",,
 0.4738098280000 , 0.0578444490000 ," 821,471.2528000000000 "," 354,064.5624000000000 "," 655,820.7673000000000 ", 0.0000011200000 , 0.0000003810000 , 5.0000000000000 ," 564,006.5197000000000 ",,
 0.5444823330000 , 0.9627683500000 ," 628,734.0151000000000 "," 266,101.3685000000000 "," 39,006.4207600000000 ", 0.0000025800000 , 0.0000008570000 , 5.0000000000000 ," 557,181.0859000000000 ",,
 0.3656807480000 , 0.2253812680000 ," 455,566.7820000000000 "," 890,973.8847000000000 "," 569,497.2585000000000 ", 0.0000009780000 , 0.0000003360000 , 5.0000000000000 ," 351,817.8930000000000 ",,
 0.1408029490000 , 0.6224136420000 ," 832,391.0417000000000 "," 991,624.3430000000000 "," 163,616.2041000000000 ", 0.0000002640000 , 0.0000000951000 , 5.0000000000000 ," 794,694.5835000000000 ",,
 0.5782983990000 , 0.1469627100000 ," 691,777.6391000000000 "," 674,293.5737000000000 "," 979,955.4474000000000 ", 0.0000012400000 , 0.0000004130000 , 5.0000000000000 ," 409,907.6192000000000 ",,
 0.6359547070000 , 0.3881657060000 ," 985,600.7340000000000 "," 686,678.6117000000000 "," 243,614.7920000000000 ", 0.0000026600000 , 0.0000008770000 , 5.0000000000000 ," 860,615.4623000000000 ",,
 0.2599049790000 , 0.3451922080000 ," 798,555.8381000000000 "," 107,029.1342000000000 "," 780,699.3042000000000 ", 0.0000013500000 , 0.0000004560000 , 5.0000000000000 ," 476,773.6966000000000 ",,
 0.2905045060000 , 0.4699882680000 ," 910,196.1241000000000 ", 27.2614545200000 ," 630,635.2950000000000 ", 223.0000000000000 , 74.0000000000000 , 5.0000000000000 ," 649,795.5621000000000 ",,
 0.7077213500000 , 0.0622032260000 ," 430,142.7321000000000 "," 437,765.0550000000000 "," 310,370.8891000000000 ", 0.0000027000000 , 0.0000008690000 , 29.4140037100000 ," 338,891.7168000000000 ",,
 0.0078415910000 , 0.6309217900000 ," 762,129.6205000000000 "," 936,176.5642000000000 "," 940,750.8592000000000 ", 0.0000013000000 , 0.0000004400000 , 5.0000000000000 ," 515,912.9266000000000 ",,
 (98.6360110000000), 0.9579341210000 ," 174,781.2849000000000 "," 874,743.6497000000000 "," 737,431.4414000000000 ", 0.0000013800000 , 0.0000004650000 , 5.0000000000000 ," 66,520.0460700000000 ",,
 0.2418932940000 , 0.5006035710000 ," 252,837.4007000000000 "," 67,284.6129200000000 "," 267,997.2669000000000 ", 0.0000018400000 , 0.0000006150000 , 5.0000000000000 ," 149,856.0116000000000 ",,
 0.0762392180000 , (78.0776384000000), (7.3281387200000)," 633,178.6749000000000 "," 721,054.6609000000000 ", 0.0000014700000 , 0.0000004940000 , 5.0000000000000 ," 661,135.7428000000000 ",,
 0.0438999430000 , 0.1657497800000 ," 375,321.3458000000000 "," 626,753.3485000000000 "," 146,096.5655000000000 ", 0.0000022100000 , 0.0000006980000 , 5.0000000000000 ," 363,212.8578000000000 ",,
 0.2091854650000 , 0.0499790290000 ," 823,003.5744000000000 "," 235,031.2988000000000 "," 652,281.1128000000000 ", 0.0000008910000 , 0.0000002960000 , 5.0000000000000 ," 549,965.1174000000000 ",,
 0.9811925290000 , (35.3543214400000)," 405,197.1426000000000 "," 596,043.5955000000000 "," 107,450.5526000000000 ", 0.0000012500000 , 0.0000004210000 , (46.6722693900000)," 394,789.6589000000000 ",,
 0.2419771300000 , 0.9606269760000 ," 16,912.7999200000000 "," 909,564.4274000000000 "," 269,630.0088000000000 ", 0.0000007260000 , 0.0000002310000 , 5.0000000000000 ," 65,365.8360000000000 ",,
 0.9514298100000 , 0.9948192940000 ," 819,677.0028000000000 "," 999,350.3005000000000 "," 211,431.2580000000000 ", 0.0000006110000 , 0.0000001970000 , 5.0000000000000 ," 771,975.4660000000000 ",,
 0.9811437320000 , 0.5695397800000 ," 265,170.7412000000000 "," 662,859.7876000000000 "," 965,448.6346000000000 ", 0.0000006070000 , 0.0000001980000 , 5.0000000000000 ," 51,750.8158600000000 ",,
 0.4369958860000 , (48.1613701600000)," 915,814.3482000000000 "," 502,875.5201000000000 "," 795,110.2825000000000 ", 0.0000018400000 , 0.0000006270000 , 5.0000000000000 ," 626,155.0510000000000 ",,
 0.6223432650000 , 0.9811778370000 ," 135,745.8531000000000 "," 977,438.1842000000000 "," 964,353.2340000000000 ", 0.0000031900000 , 0.0000009730000 , (97.2039029800000)," (14,254.4037000000000)",,
 0.7925951160000 , 0.9078987940000 ," 163,728.9579000000000 "," 299,423.1248000000000 "," 100,154.9975000000000 ", 0.0000009830000 , 0.0000003460000 , 5.0000000000000 ," 152,081.5068000000000 ",,
 0.9601356040000 , 0.5214596390000 , 88.3469059800000 ," 815,955.7894000000000 "," 378,315.6072000000000 ", 0.0000000238000 , 0.0000000084500 , 5.0000000000000 ," 238,272.1273000000000 ",,
 74.8399541200000 , 0.1616714360000 ," 88,396.9671500000000 "," 342,225.5248000000000 "," 981,383.3342000000000 ", 0.0000000972000 , 0.0000000320000 , 5.0000000000000 ," (145,900.3128000000000)",,
 0.7183311750000 , 0.2473403160000 ," 629,683.5953000000000 "," 416,160.9464000000000 "," 166,538.5135000000000 ", 0.0000026400000 , 0.0000008920000 , 5.0000000000000 ," 543,775.1162000000000 ",,
 (91.1050803200000), 0.4988956650000 ," 70,068.6957200000000 "," 56,625.5573800000000 "," 120,378.1495000000000 ", 0.0000011600000 , 0.0000003870000 , 5.0000000000000 ," 34,163.9431700000000 ",,
 0.0090384690000 , 0.3570293440000 ," 580,768.5836000000000 "," 928,763.4212000000000 "," 496,743.4280000000000 ", 0.0000001350000 , 0.0000000448000 ,," 482,635.3241000000000 ",,
 0.2286767800000 , 0.6343636890000 ," 842,945.4825000000000 "," 445,886.6199000000000 "," 708,583.5458000000000 ", 0.0000013600000 , 0.0000004570000 , 5.0000000000000 ," 580,348.9509000000000 ",,
 0.3216699900000 , 0.8480420900000 ," 731,872.7373000000000 "," 173,963.7059000000000 "," 361,216.0590000000000 ", 0.0000026900000 , 0.0000008880000 , 5.0000000000000 ," 543,912.2737000000000 ",,
 0.0953992770000 , 0.4287020210000 ," 637,302.1565000000000 "," 70,696.6081800000000 "," 361,540.1878000000000 ", 0.0000024300000 , 0.0000008230000 , 5.0000000000000 ," 449,756.7236000000000 ",,
 0.4808901470000 , 0.6624340120000 ," 534,799.4663000000000 "," 996,224.4930000000000 "," 474,533.5626000000000 ", 0.0000011800000 , 0.0000003940000 , 5.0000000000000 ," 459,076.3925000000000 ",,
 0.2888849390000 , 0.3978366260000 ," 816,056.7571000000000 "," 432,067.2851000000000 "," 796,390.7226000000000 ", 0.0000012500000 , 0.0000004000000 , 5.0000000000000 ," 531,799.7071000000000 ",,
 0.3717240660000 , 0.3924581860000 ," 604,304.4198000000000 "," 630,018.6806000000000 "," 417,382.9418000000000 ", 0.0000013200000 , 0.0000004420000 , 5.0000000000000 ," 483,245.1483000000000 ",,
 0.9184264320000 , 0.9509285950000 ," 144,312.0437000000000 "," 93,559.4069100000000 "," 16,671.5506000000000 ", 0.0000025900000 , 0.0000008490000 , 5.0000000000000 ," 130,233.1057000000000 ",,
 0.3571211590000 , 95.0633634300000 ," 873,534.2642000000000 ", 99.5734049800000 ," 211,506.7493000000000 ", 129.8460328000000 , 42.0572677400000 , 5.0000000000000 ," 713,000.6728000000000 ",,
 (94.3565718500000), 96.3798109000000 ," 162,511.0653000000000 "," 959,745.7215000000000 "," 851,581.4000000000000 ", 0.0000006710000 , 0.0000002210000 , (91.6929458100000)," 36,679.7909100000000 ",,
 0.1018036830000 , 0.5059579080000 ," 863,789.6230000000000 "," 406,773.7486000000000 "," 762,361.2137000000000 ", 0.0000024200000 , 0.0000008030000 , 5.0000000000000 ," 577,951.9847000000000 ",,
 0.0389299630000 , 0.0360188180000 ," 143,876.1554000000000 ", 92.5105561300000 ," 19,972.9325800000000 ", 0.0000030400000 , 0.0000009920000 , 5.0000000000000 ," 117,332.9910000000000 ",,
 (90.9816056200000), (91.2432158700000)," 586,601.7374000000000 "," 455,394.9052000000000 "," 518,015.3489000000000 ", 0.0000023100000 , 0.0000007960000 , 5.0000000000000 ," 416,942.8279000000000 ",,
 0.5816222930000 , 0.4366141900000 ," 7,463.1404170000000 ", 15.0777916100000 ," 718,068.1612000000000 ", 0.0000014700000 , 0.0000004920000 , 5.0000000000000 ," (131,516.4436000000000)",,
 0.5166983850000 , 0.7587762540000 ," 442,693.7020000000000 "," 732,219.2063000000000 "," 233,018.9644000000000 ", 0.0000012100000 , 0.0000004130000 , 5.0000000000000 ," 410,904.3673000000000 ",,
 0.8925582270000 , 0.4194479940000 , 1.4383776040000 ," 628,030.4646000000000 ", 54.4042025700000 , 0.0000007140000 , 0.0000002450000 , 5.0000000000000 ," 59,869.5804500000000 ",,
 0.4763357330000 , 0.4975398520000 ," 415,627.7820000000000 "," 258,300.4291000000000 ", (18.3909465600000), 0.0000003570000 , 0.0000001210000 , 5.0000000000000 ," 150,335.4713000000000 ",,
 0.5911303030000 , 2.1507234250000 ," 669,268.2918000000000 "," 448,085.4873000000000 "," 487,900.1953000000000 ", 0.0000012400000 , 0.0000004110000 , 5.0000000000000 ," 494,014.8947000000000 ",,
 33.8515767400000 , 0.2070758090000 ," 204,256.4679000000000 "," 626,802.6301000000000 "," 358,742.5105000000000 ", 0.0000020700000 , 0.0000007120000 , 5.0000000000000 ," 160,688.8081000000000 ",,
 0.0690075930000 , 0.9407845210000 ," 995,645.1767000000000 "," 480,183.5153000000000 "," 485,885.6062000000000 ", 0.0000002260000 , 0.0000000796000 , 5.0000000000000 ," 774,794.4800000000000 ",,
 0.3321910330000 , 44.9729230700000 ," 451,130.0698000000000 "," 718,699.2660000000000 "," 586,235.4988000000000 ", (81.6076106000000), (27.7987310400000), 5.0000000000000 ," 319,914.1376000000000 ",,
 0.5390945530000 , 0.2824724260000 ," 245,818.5870000000000 "," 914,842.1499000000000 ", (81.3220044900000), 0.0000022200000 , 0.0000007690000 , 5.0000000000000 ," 241,620.3982000000000 ",,
 0.0375710900000 , 0.1278668010000 ," 952,264.0145000000000 "," 533,055.2901000000000 "," 631,544.3787000000000 ", 0.0000010100000 , 0.0000003370000 , (58.3992379100000)," 705,673.2645000000000 ",,
 0.0546344200000 , 0.9730781630000 ," 99,146.1122800000000 "," 622,954.0442000000000 "," 446,874.1952000000000 ", 0.0000017500000 , 0.0000005850000 , 5.0000000000000 ," 47,307.2604900000000 ",,
 0.8484253790000 , 0.4226291970000 ," 984,575.8964000000000 "," 666,407.3047000000000 "," 285,404.0685000000000 ", 0.0000004200000 , 0.0000001410000 , 5.0000000000000 ," 845,583.6816000000000 ",,
 0.3252951340000 , 0.7126213330000 , 83.5388306800000 ," 109,482.3661000000000 "," 965,836.6688000000000 ", 0.0000022300000 , 0.0000007290000 , 5.0000000000000 ," 246,847.8230000000000 ",,
 27.7615736500000 , 0.5906378340000 ," 614,499.4603000000000 "," 892,469.0940000000000 "," 78,626.7109900000000 ", 0.0000001720000 , 0.0000000571000 , 5.0000000000000 ," 620,130.0518000000000 ",,
 0.1673213040000 , 0.7806317170000 ," 389,389.7797000000000 "," 732,612.6992000000000 "," 684,725.1639000000000 ", 0.0000023800000 , 0.0000008320000 , 5.0000000000000 ," 242,796.5752000000000 ",,
 0.9522217860000 , 0.0424222980000 ," 212,081.2375000000000 "," 238,997.6802000000000 "," 281,284.5636000000000 ", 0.0000001140000 , 0.0000000386000 , 5.0000000000000 ," 135,305.5170000000000 ",,
 0.6015538790000 , 0.2965599120000 ," 411,127.2783000000000 "," 234,325.0657000000000 "," 19,651.4827500000000 ", 0.0000009640000 , 0.0000003150000 , 5.0000000000000 ," 374,195.7032000000000 ",,
 0.7590052830000 , 0.1025159640000 ," 879,393.0568000000000 "," 965,609.8314000000000 ", 77.0433858700000 , 0.0000014200000 , 0.0000004680000 , 5.0000000000000 ," 782,355.2041000000000 ",,
, 0.3692807700000 ," 338,506.8794000000000 "," 7,091.8127740000000 ", (88.3017244500000), 0.0000000983000 , 0.0000000310000 , 5.0000000000000 ," 101,657.0186000000000 ",,
 0.8275063200000 , 0.6972093820000 ," 825,439.8957000000000 ", (55.1626898500000)," 159,666.3494000000000 ", (49.3564921600000), (16.7476814300000), 66.2441325600000 ," 674,176.6902000000000 ",,
 0.7289810620000 , 0.8616909040000 ," 622,546.9905000000000 "," 308,917.7228000000000 "," 368,725.1555000000000 ", 0.0000018800000 , 0.0000006370000 , (74.6059701000000)," 467,951.1370000000000 ",,
 (97.4191606000000), 0.1952406030000 ," 769,731.4183000000000 "," 810,935.1927000000000 "," 400,356.6268000000000 ", 0.0000024800000 , 0.0000009060000 , 5.0000000000000 ," 652,471.0338000000000 ",,
 0.3356104540000 , 0.9785254680000 ," 947,152.9360000000000 "," 406,462.7180000000000 "," 771,836.0352000000000 ", 0.0000004720000 , 0.0000001540000 , 5.0000000000000 ," 645,780.5625000000000 ",,
 0.7011698620000 , 0.7270567620000 ," 483,877.2646000000000 "," 897,532.3265000000000 ", (76.6951905000000), 0.0000022700000 , 0.0000007570000 , 5.0000000000000 ," 284,449.0599000000000 ",,
 0.3843550390000 , 0.0251934140000 , 74.6174790400000 , 66.0592622500000 ," 952,260.0784000000000 ", 0.0000006820000 , 0.0000002200000 , 69.8823606500000 ," 498,545.7440000000000 ",,
 (42.4959602700000), 0.5464303160000 ," 960,366.7746000000000 "," 44,588.0927300000000 "," 143,061.9527000000000 ",,, 5.0000000000000 ," 778,763.8736000000000 ",,
 0.0516687220000 , 0.5047955980000 ," 14,014.5175300000000 "," 566,858.4333000000000 ", (66.2688081300000), 0.0000006780000 , 0.0000002280000 , 5.0000000000000 ," (164,615.9431000000000)",,
 0.8626404710000 , (50.3514935600000)," 665,947.1661000000000 "," 822,657.4685000000000 "," 13,281.2034600000000 ", 0.0000009510000 , 0.0000003150000 , 5.0000000000000 ," 671,860.8445000000000 ",,
 0.5527070760000 , 0.3965536820000 ," 542,015.2985000000000 "," 459,562.9775000000000 "," 498,967.9442000000000 ", 0.0000008230000 , 0.0000002730000 , 5.0000000000000 ," 385,023.0403000000000 ",,
 0.2900455320000 , 0.8714140340000 , (47.9829727700000)," 485,290.6341000000000 "," 149,381.6362000000000 ", 0.0000002970000 , 0.0000001040000 , 5.0000000000000 ," 672,405.1473000000000 ",,
